gene,thermostability,Wildtype_AA,position,Mutated_AA,one_letter_mutation,drug,confidence,delta_z,frequency,phenotype,Proximity_to_R_Conferring,Nearest_Mutation_Index,aa_index_dist,llr_score
katG,1.0542247562534612,P,2,S,P2S,INH,3) Uncertain significance,0.04356811,1.0,Unknown,,,33.197952790471106,-0.365509033203125
katG,2.824666484924819,E,3,G,E3G,INH,3) Uncertain significance,0.026994687,1.0,Unknown,,,42.48882015717018,0.5545580387115479
katG,1.9253919668949493,E,3,V,E3V,INH,3) Uncertain significance,0.028242355,1.0,Unknown,,,40.07063541729576,0.5099377632141113
katG,-2.0154943782990813,P,6,S,P6S,INH,3) Uncertain significance,0.02763677,0.1666666666666666,Unknown,,,33.197952790471106,-0.1686782836914062
katG,-0.1206620820944408,I,8,V,I8V,INH,3) Uncertain significance,0.04082748,0.0,Unknown,,,15.178921907491468,0.8528556823730469
katG,1.83368819336647,T,9,K,T9K,INH,3) Uncertain significance,0.034159306,0.0,Unknown,,,29.637803707829963,-1.853153705596924
katG,3.35338385208388,T,11,A,T11A,INH,3) Uncertain significance,0.022944486,1.0,Unknown,,,26.41694255168034,0.4378442764282226
katG,1.29453298455428,T,11,S,T11S,INH,3) Uncertain significance,0.024254752,0.0,Unknown,,,17.12767927453449,-0.1129682064056396
katG,4.287265632138315,T,12,A,T12A,INH,3) Uncertain significance,0.02129224,0.0,Unknown,,,26.41694255168034,0.321739912033081
katG,1.5706847458091031,A,15,V,A15V,INH,3) Uncertain significance,0.030240662,0.0,Unknown,,,27.72096759262996,-0.5422329902648926
katG,3.089127900442236,S,17,G,S17G,INH,3) Uncertain significance,0.031435322,0.0,Unknown,42.787053719554,315.0,26.911928800176504,0.6120891571044922
katG,0.9018094894331624,G,19,V,G19V,INH,3) Uncertain significance,0.022725884,0.0,Unknown,44.01607154210834,315.0,42.97384860101139,-0.1399211883544922
katG,0.8929377594799917,V,23,L,V23L,INH,3) Uncertain significance,0.019581728,0.0,Unknown,38.85961578554271,315.0,21.74847419041692,-0.1897053718566894
katG,3.2236734574057664,K,27,I,K27I,INH,3) Uncertain significance,0.03724319,1.0,Unknown,42.23364088022722,315.0,41.66098982429674,0.0556092262268066
katG,3.5231578576040192,P,29,S,P29S,INH,3) Uncertain significance,0.025376992,1.0,Unknown,38.585301165080985,315.0,33.197952790471106,-0.6544556617736816
katG,6.95930879634534,G,33,A,G33A,INH,3) Uncertain significance,0.018356765,1.0,Unknown,43.29058505033167,315.0,34.52555545602958,-0.1160757541656494
katG,5.370203811277861,G,34,A,G34A,INH,3) Uncertain significance,0.019571848,1.0,Unknown,39.98948513046898,315.0,34.52555545602958,-0.3669285774230957
katG,2.1663587301286498,G,34,E,G34E,INH,3) Uncertain significance,0.028233182,1.0,Unknown,39.98948513046898,315.0,42.48882015717018,-1.0249450206756592
katG,0.8737848168793789,N,35,T,N35T,INH,3) Uncertain significance,0.02058246,1.0,Unknown,39.52520818414496,315.0,24.234231473312622,0.2698879241943359
katG,0.9987186822622788,N,35,H,N35H,INH,3) Uncertain significance,0.03443985,0.0,Unknown,39.52520818414496,315.0,25.720699680937056,-0.4607055187225342
katG,12.312713338350022,G,34,R,G34R,INH,3) Uncertain significance,0.024143545,0.0,Unknown,39.98948513046898,315.0,44.1492475965258,-0.8225743770599365
katG,0.3929051979789619,Q,36,E,Q36E,INH,3) Uncertain significance,0.026804868,0.0,Unknown,41.44414686056404,315.0,21.817564078907125,-0.0455780029296875
katG,0.0868702400603069,D,37,N,D37N,INH,3) Uncertain significance,0.018286554,0.5,Unknown,42.047606138756585,315.0,20.632582370741144,-0.1189603805541992
katG,12.724140746647208,Q,36,P,Q36P,INH,3) Uncertain significance,0.020780373,0.0,Unknown,41.44414686056404,315.0,37.5005576758833,1.0840833187103271
katG,7.420118531548269,W,39,R,W39R,INH,3) Uncertain significance,0.03650609,1.0,Unknown,41.03566095483294,315.0,38.45697518672335,0.229504108428955
katG,18.50931887039087,L,43,R,L43R,INH,3) Uncertain significance,0.025788069,1.0,Unknown,38.19438478363018,315.0,40.57857118014128,-0.4804666042327881
katG,-0.2278899428420118,V,47,I,V47I,INH,3) Uncertain significance,0.023290087,0.0,Unknown,40.0034499762208,315.0,15.178921907491468,-0.6386620998382568
katG,229.49813561159957,L,48,P,L48P,INH,3) Uncertain significance,0.0278344,1.0,Unknown,40.56851894018316,315.0,49.27170475166683,0.1437585353851318
katG,5.91012423691609,L,48,Q,L48Q,INH,3) Uncertain significance,0.027066877,1.0,Unknown,40.56851894018316,315.0,35.62677194633543,-0.4971101284027099
katG,7.687845693153122,H,49,Y,H49Y,INH,3) Uncertain significance,0.039544802,0.0,Unknown,36.51689017427415,315.0,25.616944290458218,0.0447058677673339
katG,7.834125056542689,Q,50,P,Q50P,INH,3) Uncertain significance,0.027036937,0.0,Unknown,36.60856559604596,315.0,37.5005576758833,1.1951417922973633
katG,6.692600006552766,P,52,S,P52S,INH,3) Uncertain significance,0.029907342,0.0,Unknown,35.50045465906035,315.0,33.197952790471106,-0.3390121459960937
katG,1.2890333745892804,A,53,T,A53T,INH,3) Uncertain significance,0.024760602,0.0,Unknown,40.24936200736603,315.0,26.41694255168034,-0.6445536613464355
katG,-138.94420394337794,P,57,S,P57S,INH,3) Uncertain significance,0.045961432,1.0,Unknown,37.10410657865245,315.0,33.197952790471106,0.8368546962738037
katG,1.4214815942827954,A,60,G,A60G,INH,3) Uncertain significance,0.031091407,0.0,Unknown,36.82630052014456,315.0,34.52555545602958,0.3373711109161377
katG,2.535016594438275,A,60,V,A60V,INH,3) Uncertain significance,0.029477535,0.0,Unknown,36.82630052014456,315.0,27.72096759262996,-0.5729873180389404
katG,25.180664301155048,A,61,P,A61P,INH,3) Uncertain significance,0.03971098,1.0,Unknown,34.5791789520804,315.0,43.279408841284464,-0.8267065286636353
katG,-1.3718605360941185,A,61,S,A61S,INH,3) Uncertain significance,0.030442042,0.0,Unknown,34.5791789520804,315.0,26.48144300167584,-1.6863242387771606
katG,92.55830707313498,F,62,L,F62L,INH,3) Uncertain significance,0.03968613,0.0,Unknown,30.042050495929868,315.0,22.8377240877722,0.930565357208252
katG,9.092103822965328,Y,64,N,Y64N,INH,3) Uncertain significance,0.040793482,1.0,Unknown,34.740875838124744,315.0,32.008745830466125,0.7211184501647949
katG,8.865150540059858,Y,64,S,Y64S,INH,3) Uncertain significance,0.04496873,1.0,Unknown,34.740875838124744,315.0,32.88015694502548,0.8365683555603027
katG,6.085442231605157,Y,64,H,Y64H,INH,3) Uncertain significance,0.043208033,1.0,Unknown,34.740875838124744,315.0,25.616944290458218,-0.3579170703887939
katG,6.235621435122084,V,68,G,V68G,INH,3) Uncertain significance,0.03889323,0.5,Unknown,27.012173700019027,315.0,42.97384860101139,2.447323441505432
katG,4.309130673436812,I,71,S,I71S,INH,3) Uncertain significance,0.048086643,0.5,Unknown,22.56315946404669,315.0,38.25058504319116,0.8821558952331543
katG,10.316295660650669,A,75,V,A75V,INH,3) Uncertain significance,0.039630167,1.0,Unknown,19.878180626002976,315.0,27.72096759262996,1.9317690134048464
katG,2.1557926588016016,D,74,G,D74G,INH,3) Uncertain significance,0.046562828,0.0,Unknown,19.20207743969386,315.0,34.61903783109632,-0.0916252136230468
katG,1.0909504504234064,D,72,N,D72N,INH,3) Uncertain significance,0.053473223,0.0,Unknown,24.049360656782536,315.0,20.632582370741144,-0.6599483489990234
katG,6.7711264456024765,V,73,G,V73G,INH,3) Uncertain significance,0.03915486,1.0,Unknown,23.07913451583485,315.0,42.97384860101139,0.1679790019989013
katG,-0.3137596803971973,T,77,R,T77R,INH,3) Uncertain significance,0.032754928,0.0,Unknown,18.84727977719861,315.0,29.83457884844513,0.7004194259643555
katG,2.0517330075363134,R,78,G,R78G,INH,3) Uncertain significance,0.05363976,1.0,Unknown,15.531164122498993,315.0,44.1492475965258,0.5505671501159668
katG,4.66784866789385,D,79,A,D79A,INH,3) Uncertain significance,0.048257325,0.0,Unknown,18.14989391153568,315.0,32.79578065715211,5.052859783172607
katG,4.028751492205629,I,80,T,I80T,INH,3) Uncertain significance,0.038362063,1.0,Unknown,19.68479669694356,315.0,31.61668122731128,0.5856256484985352
katG,97.87902672314294,I,80,F,I80F,INH,3) Uncertain significance,0.033895694,0.0,Unknown,19.68479669694356,315.0,19.63118745944652,0.2416362762451172
katG,0.6955783894777596,E,81,A,E81A,INH,3) Uncertain significance,0.035433933,1.0,Unknown,18.45076816829044,315.0,28.30103222386084,0.0705463886260986
katG,0.9081101518331708,E,82,D,E82D,INH,3) Uncertain significance,0.030957201,0.0,Unknown,19.676507439075657,315.0,23.13284454741382,-1.314838171005249
katG,1.5268746955707684,T,85,A,T85A,INH,3) Uncertain significance,0.023752384,0.6666666666666666,Unknown,13.397458900851309,315.0,26.41694255168034,0.569464921951294
katG,646.6537739162884,S,87,L,S87L,INH,3) Uncertain significance,0.038601123,0.0,Unknown,13.410813249016629,315.0,37.32648951510237,0.0650713443756103
katG,-3.2612061430982067,M,84,I,M84I,INH,3) Uncertain significance,0.03438761,0.0,Unknown,19.736448540707617,315.0,24.48735007204724,0.2628853321075439
katG,28.46568494388248,V,83,L,V83L,INH,3) Uncertain significance,0.02473991,1.0,Unknown,21.08012763244093,315.0,21.74847419041692,0.2664345502853393
katG,8.740690454078958,M,84,L,M84L,INH,3) Uncertain significance,0.042843137,0.0,Unknown,19.736448540707617,315.0,24.945776373708327,1.384895086288452
katG,119.33597672576138,Q,88,P,Q88P,INH,3) Uncertain significance,0.03080771,1.0,Unknown,8.476974224332638,315.0,37.5005576758833,0.6974241733551025
katG,-0.0352480838009796,Q,88,E,Q88E,INH,3) Uncertain significance,0.03099581,0.0,Unknown,8.476974224332638,315.0,21.817564078907125,0.2666916847229004
katG,3.828669353735222,W,90,R,W90R,INH,3) Uncertain significance,0.036703724,1.0,Unknown,14.210767537328866,315.0,38.45697518672335,1.043813943862915
katG,169.4335724863297,A,93,D,A93D,INH,3) Uncertain significance,0.021535994,1.0,Unknown,10.549930094555124,315.0,32.79578065715211,0.2199122905731201
katG,1.6613338907045545,D,94,A,D94A,INH,3) Uncertain significance,0.022886952,1.0,Unknown,7.217083482959022,315.0,32.79578065715211,-0.3443987369537353
katG,1.1007323960884603,H,97,L,H97L,INH,3) Uncertain significance,0.027384188,1.0,Unknown,9.445622160556706,315.0,34.52456626707413,2.827318787574768
katG,9.463973052328129,Y,98,C,Y98C,INH,3) Uncertain significance,0.09243791,1.0,Unknown,6.977352506502731,315.0,31.8876454197536,0.3530058860778808
katG,0.4290552974057391,W,91,R,W91R,INH,3) Uncertain significance,0.03535359,0.75,Unknown,11.501407392141182,315.0,38.45697518672335,1.022773504257202
katG,-0.0855881755928749,H,97,R,H97R,INH,3) Uncertain significance,0.028996777,1.0,Unknown,9.445622160556706,315.0,26.692906012304967,0.3544731140136719
katG,112.57050904553604,G,99,R,G99R,INH,3) Uncertain significance,0.028512424,1.0,Unknown,10.790735146411484,315.0,44.1492475965258,1.885464429855347
katG,7.986047462352417,P,100,T,P100T,INH,3) Uncertain significance,0.027034493,1.0,Unknown,13.25865536168732,315.0,34.265110857459,1.6267240047454834
katG,-1.0523033104409478,R,104,Q,R104Q,INH,3) Uncertain significance,0.027785309,1.0,Unknown,16.402883100235773,315.0,22.596164034846936,2.908418655395508
katG,12.559490087678114,R,104,W,R104W,INH,3) Uncertain significance,0.0393069,1.0,Unknown,16.402883100235773,315.0,38.45697518672335,-0.6673641204833984
katG,206.90316658559183,R,104,P,R104P,INH,3) Uncertain significance,0.034353666,1.0,Unknown,16.402883100235773,315.0,42.60148692869801,-2.9035043716430664
katG,4.802671779625598,M,105,L,M105L,INH,3) Uncertain significance,0.04186361,1.0,Unknown,15.37627045157571,315.0,24.945776373708327,-0.1966080665588379
katG,360.6444528203626,M,105,I,M105I,INH,3) Uncertain significance,0.04791255,1.0,Unknown,15.37627045157571,315.0,24.48735007204724,-1.001780986785889
katG,2.2399799710119623,I,103,V,I103V,INH,3) Uncertain significance,0.025508383,0.5,Unknown,14.88071829583505,315.0,15.178921907491468,0.4599714279174804
katG,83.52374097254369,A,106,V,A106V,INH,3) Uncertain significance,0.020925501,1.0,Unknown,17.141067790543275,315.0,27.72096759262996,0.7837252616882324
katG,15.308640500799813,A,109,V,A109V,INH,3) Uncertain significance,0.022231348,0.8,Unknown,24.00395963169409,315.0,27.72096759262996,-2.9270865321159363
katG,270.9578968819476,A,109,P,A109P,INH,3) Uncertain significance,0.042497866,1.0,Unknown,24.00395963169409,315.0,43.279408841284464,-5.368881404399872
katG,8.344187098912698,I,103,N,I103N,INH,3) Uncertain significance,0.04968356,1.0,Unknown,14.88071829583505,315.0,41.49721366459114,2.175464630126953
katG,79.75528349154115,A,110,V,A110V,INH,3) Uncertain significance,0.02137581,1.0,Unknown,26.37784170473392,315.0,27.72096759262996,-4.201951026916504
katG,6.537163240770951,A,109,T,A109T,INH,3) Uncertain significance,0.021656657,0.9166666666666666,Unknown,24.00395963169409,315.0,26.41694255168034,-2.733385026454925
katG,50.57382880783916,A,110,T,A110T,INH,3) Uncertain significance,0.024596877,0.5,Unknown,26.37784170473392,315.0,26.41694255168034,-2.644014596939087
katG,2.001305338983002,T,112,S,T112S,INH,3) Uncertain significance,0.019612275,0.0,Unknown,26.307609298452046,315.0,17.12767927453449,0.5361099243164062
katG,0.6927559297319021,H,116,Y,H116Y,INH,3) Uncertain significance,0.038348027,0.5,Unknown,19.580561330053843,315.0,25.616944290458218,-0.7657995223999023
katG,158.8350716782188,T,112,P,T112P,INH,3) Uncertain significance,0.025214527,1.0,Unknown,26.307609298452046,315.0,34.265110857459,-2.0816307067871094
katG,132.08143098221217,G,120,D,G120D,INH,3) Uncertain significance,0.03194566,1.0,Unknown,22.1210459969686,315.0,34.61903783109632,-6.487532019615173
katG,99.91806053429582,G,120,S,G120S,INH,3) Uncertain significance,0.03265798,1.0,Unknown,22.1210459969686,315.0,26.911928800176504,-4.563732981681824
katG,18.11809457075151,G,118,S,G118S,INH,3) Uncertain significance,0.021629926,1.0,Unknown,24.86558557524837,315.0,26.911928800176504,3.30648934841156
katG,34.69179578643161,G,121,A,G121A,INH,3) Uncertain significance,0.020876966,0.5,Unknown,15.364437510042464,315.0,34.52555545602958,-0.1016421318054199
katG,23.452332775383184,G,121,S,G121S,INH,3) Uncertain significance,0.026308846,0.8,Unknown,15.364437510042464,315.0,26.911928800176504,-0.1901845932006836
katG,103.72269920597525,G,121,D,G121D,INH,3) Uncertain significance,0.030476052,0.5,Unknown,15.364437510042464,315.0,34.61903783109632,-2.176944732666016
katG,2.580140460251414,G,124,D,G124D,INH,3) Uncertain significance,0.029485522,0.0,Unknown,24.63835639810416,315.0,34.61903783109632,-4.4222412109375
katG,352.8693332113339,G,121,V,G121V,INH,3) Uncertain significance,0.034045663,1.0,Unknown,15.364437510042464,315.0,42.97384860101139,-0.8600647449493408
katG,-0.3016715285484679,G,124,A,G124A,INH,3) Uncertain significance,0.018510707,0.5,Unknown,24.63835639810416,315.0,34.52555545602958,1.990794152021408
katG,3.787065996459205,M,126,I,M126I,INH,3) Uncertain significance,0.031077582,0.5,Unknown,18.453446453169665,315.0,24.48735007204724,-0.2104799747467041
katG,3.436149873249633,F,129,S,F129S,INH,3) Uncertain significance,0.032030772,1.0,Unknown,16.1798119272135,315.0,38.08678371297432,2.075333952903748
katG,16.42000659374162,G,123,R,G123R,INH,3) Uncertain significance,0.032047257,0.0,Unknown,22.8086198837194,315.0,44.1492475965258,-7.616713978350162
katG,7.574132264442142,A,122,D,A122D,INH,3) Uncertain significance,0.02616787,1.0,Unknown,21.44824657168973,315.0,32.79578065715211,0.8476736545562744
katG,4.80800372493627,G,125,A,G125A,INH,3) Uncertain significance,0.017148903,1.0,Unknown,21.466063286033616,315.0,34.52555545602958,0.6163779497146606
katG,6.714494188838671,G,125,D,G125D,INH,3) Uncertain significance,0.028411405,1.0,Unknown,21.466063286033616,315.0,34.61903783109632,-3.66726016998291
katG,11.11000783610507,G,125,C,G125C,INH,3) Uncertain significance,0.08369682,1.0,Unknown,21.466063286033616,315.0,41.869754062050006,-2.089103937149048
katG,42.74690057058388,Q,127,P,Q127P,INH,3) Uncertain significance,0.021407414,0.9285714285714286,Unknown,18.964137127747208,315.0,37.5005576758833,-1.6073250770568848
katG,1.087716107219876,Q,127,S,Q127S,INH,3) Uncertain significance,0.021203242,0.0,Unknown,18.964137127747208,315.0,24.28739299377468,-0.1805720329284668
katG,6.102195763370901,G,125,S,G125S,INH,3) Uncertain significance,0.022700366,0.0,Unknown,21.466063286033616,315.0,26.911928800176504,0.4954560995101928
katG,4.38648469010468,R,128,G,R128G,INH,3) Uncertain significance,0.030090041,1.0,Unknown,19.24819500628566,315.0,44.1492475965258,0.4259457588195801
katG,2.896838805614607,P,131,A,P131A,INH,3) Uncertain significance,0.021247812,1.0,Unknown,10.790248606959898,315.0,43.279408841284464,-0.0408258438110351
katG,2.6152858506738994,P,131,S,P131S,INH,3) Uncertain significance,0.020519707,0.0,Unknown,10.790248606959898,315.0,33.197952790471106,-0.5825176239013672
katG,19.47215146391136,L,132,R,L132R,INH,3) Uncertain significance,0.028472805,1.0,Unknown,13.502449185240431,315.0,40.57857118014128,0.6051671504974365
katG,67.23221282231361,L,132,P,L132P,INH,3) Uncertain significance,0.027343197,1.0,Unknown,13.502449185240431,315.0,49.27170475166683,0.2360515594482422
katG,2.4530332541212374,P,136,L,P136L,INH,3) Uncertain significance,0.031200167,1.0,Unknown,16.406378302355456,315.0,49.27170475166683,0.7737300395965576
katG,1.3662071078151712,N,138,H,N138H,INH,3) Uncertain significance,0.038637254,1.0,Unknown,14.245746663478188,315.0,25.720699680937056,-0.3227617740631103
katG,294.7065425461592,A,139,P,A139P,INH,3) Uncertain significance,0.031817917,1.0,Unknown,17.261334073587705,315.0,43.279408841284464,-2.561898946762085
katG,27.76913136822532,A,139,T,A139T,INH,3) Uncertain significance,0.02467462,0.0,Unknown,17.261334073587705,315.0,26.41694255168034,-1.829827070236206
katG,3.753004961864917,N,138,D,N138D,INH,3) Uncertain significance,0.030680083,0.7142857142857143,Unknown,14.245746663478188,315.0,20.632582370741144,0.9188966751098632
katG,2.5296815803380923,N,138,S,N138S,INH,3) Uncertain significance,0.03213567,1.0,Unknown,14.245746663478188,315.0,19.57151835136661,0.3566653728485107
katG,8.361636279244522,S,140,N,S140N,INH,3) Uncertain significance,0.029051535,0.9090909090909092,Unknown,19.824346874487443,315.0,19.57151835136661,-0.0449733734130859
katG,2.156222602921844,S,140,G,S140G,INH,3) Uncertain significance,0.025380118,0.0,Unknown,19.824346874487443,315.0,26.911928800176504,0.0086269378662109
katG,0.1992621639969911,W,149,C,W149C,INH,3) Uncertain significance,0.07998169,1.0,Unknown,28.30963147057905,315.0,34.54185018841475,-1.3302459716796875
katG,-5.782005084568482,W,149,G,W149G,INH,3) Uncertain significance,0.04714745,1.0,Unknown,28.30963147057905,315.0,51.65976544782065,1.8086209297180176
katG,-0.354631598488595,W,149,R,W149R,INH,3) Uncertain significance,0.04291903,1.0,Unknown,28.30963147057905,315.0,38.45697518672335,1.7621493339538574
katG,10.9166407570915,K,143,T,K143T,INH,3) Uncertain significance,0.035631046,1.0,Unknown,22.94774283017831,315.0,29.637803707829963,6.915847301483154
katG,300.0633297369345,R,145,P,R145P,INH,3) Uncertain significance,0.060790755,1.0,Unknown,23.2156587242318,315.0,42.60148692869801,-3.912619352340698
katG,3.479188285328746,K,143,N,K143N,INH,3) Uncertain significance,0.041072175,0.0,Unknown,22.94774283017831,315.0,26.3028009866802,2.988544464111328
katG,3.6031972701507584,K,143,E,K143E,INH,3) Uncertain significance,0.0393377,1.0,Unknown,22.94774283017831,315.0,24.435330484711496,1.8600482940673828
katG,1.4701360586432202,K,143,Q,K143Q,INH,3) Uncertain significance,0.03343566,1.0,Unknown,22.94774283017831,315.0,20.152048757182733,3.0944747924804688
katG,4.502600279744456,R,146,G,R146G,INH,3) Uncertain significance,0.0452862,1.0,Unknown,25.796951253975724,315.0,44.1492475965258,-0.3589138984680176
katG,2.131633495558617,D,142,A,D142A,INH,3) Uncertain significance,0.03122208,1.0,Unknown,18.320834124023925,315.0,32.79578065715211,1.133520245552063
katG,5.272364317011579,D,142,G,D142G,INH,3) Uncertain significance,0.030688897,1.0,Unknown,18.320834124023925,315.0,34.61903783109632,-0.6962289810180664
katG,0.6546632694071377,L,141,S,L141S,INH,3) Uncertain significance,0.037662547,1.0,Unknown,16.232210293117813,315.0,37.32648951510237,-1.2507386207580566
katG,-1.1240386523923007,R,146,L,R146L,INH,3) Uncertain significance,0.043778107,0.0,Unknown,25.796951253975724,315.0,40.57857118014128,2.3158414363861084
katG,5.608976444822474,D,142,N,D142N,INH,3) Uncertain significance,0.02564919,1.0,Unknown,18.320834124023925,315.0,20.632582370741144,-0.7465052604675293
katG,8.099266045325294,L,141,F,L141F,INH,3) Uncertain significance,0.026426205,1.0,Unknown,16.232210293117813,315.0,22.8377240877722,-1.5444519519805908
katG,20.685225269266997,A,144,V,A144V,INH,3) Uncertain significance,0.022532575,0.5,Unknown,23.94642004559345,315.0,27.72096759262996,0.2590929269790649
katG,-2.806527853526859,R,145,C,R145C,INH,3) Uncertain significance,0.062607095,0.5,Unknown,23.2156587242318,315.0,40.517919150720246,-4.26741623878479
katG,0.9429347417440112,R,146,Q,R146Q,INH,3) Uncertain significance,0.045510653,1.0,Unknown,25.796951253975724,315.0,22.596164034846936,0.0662803649902343
katG,6.780777651662902,Y,155,D,Y155D,INH,3) Uncertain significance,0.07612945,1.0,Unknown,22.411870002300127,315.0,36.32517153463494,1.9033191204071045
katG,7.034519161345088,Y,155,C,Y155C,INH,3) Uncertain significance,0.072418466,0.8888888888888888,Unknown,22.411870002300127,315.0,31.8876454197536,-0.989957332611084
katG,7.085119401504471,Y,155,S,Y155S,INH,3) Uncertain significance,0.05987975,1.0,Unknown,22.411870002300127,315.0,32.88015694502548,2.3706796169281006
katG,4.022356449569088,K,158,E,K158E,INH,3) Uncertain significance,0.045342494,0.0,Unknown,19.886244894398743,315.0,24.435330484711496,0.3320894241333008
katG,2.819107007056118,G,156,D,G156D,INH,3) Uncertain significance,0.052157976,0.5,Unknown,22.08483361947742,315.0,34.61903783109632,-0.519707202911377
katG,-1.6067925916950117,K,152,Q,K152Q,INH,3) Uncertain significance,0.033912346,0.5,Unknown,30.7773976320286,315.0,20.152048757182733,0.1864156723022461
katG,1.764252047694754,K,152,T,K152T,INH,3) Uncertain significance,0.0360223,1.0,Unknown,30.7773976320286,315.0,29.637803707829963,-1.1417436599731443
katG,541.9473970910233,L,159,F,L159F,INH,3) Uncertain significance,0.022953792,0.5,Unknown,16.96154969335054,315.0,22.8377240877722,-0.8464736938476562
katG,229.81819317995016,L,159,P,L159P,INH,3) Uncertain significance,0.032416984,1.0,Unknown,16.96154969335054,315.0,49.27170475166683,0.2014908790588379
katG,11.589932741338089,D,163,N,D163N,INH,3) Uncertain significance,0.035509456,1.0,Unknown,14.07374648059286,315.0,20.632582370741144,2.519411563873291
katG,4.141406037814249,A,162,G,A162G,INH,3) Uncertain significance,0.029933438,0.0,Unknown,15.834260513203642,315.0,34.52555545602958,1.1661224365234375
katG,151.60760209926048,A,162,E,A162E,INH,3) Uncertain significance,0.03523124,1.0,Unknown,15.834260513203642,315.0,28.30103222386084,4.090866565704346
katG,8.229692497588076,F,167,C,F167C,INH,3) Uncertain significance,0.05334006,1.0,Unknown,12.061836883327508,315.0,31.49026810135259,3.7514805793762207
katG,130.37740019625198,A,162,V,A162V,INH,3) Uncertain significance,0.03176647,0.0,Unknown,15.834260513203642,315.0,27.72096759262996,-1.8140478134155276
katG,36.46229876340476,A,162,T,A162T,INH,3) Uncertain significance,0.025381088,0.0,Unknown,15.834260513203642,315.0,26.41694255168034,-0.1934947967529297
katG,8.928293222205866,W,161,R,W161R,INH,3) Uncertain significance,0.04804507,0.8571428571428571,Unknown,18.482960909984083,315.0,38.45697518672335,2.2209601402282715
katG,51.47056953094943,V,166,I,V166I,INH,3) Uncertain significance,0.02692954,0.0,Unknown,13.21486776324303,315.0,15.178921907491468,0.1754717826843261
katG,21.480962037221843,A,168,T,A168T,INH,3) Uncertain significance,0.025247665,1.0,Unknown,16.31978691650108,315.0,26.41694255168034,-1.8371496200561523
katG,59.23438828451708,L,164,R,L164R,INH,3) Uncertain significance,0.04275187,1.0,Unknown,16.13418262571736,315.0,40.57857118014128,-4.950943470001221
katG,603.7867339894613,G,169,V,G169V,INH,3) Uncertain significance,0.057377983,1.0,Unknown,16.047010251134008,315.0,42.97384860101139,0.4596185684204101
katG,105.82492560266404,G,169,S,G169S,INH,3) Uncertain significance,0.023257349,1.0,Unknown,16.047010251134008,315.0,26.911928800176504,0.3030719757080078
katG,5.90644023419236,C,171,G,C171G,INH,3) Uncertain significance,0.090342805,1.0,Unknown,14.429294196182983,328.0,41.869754062050006,3.836350440979004
katG,27.54880095923545,G,177,A,G177A,INH,3) Uncertain significance,0.034492776,1.0,Unknown,21.40449354691673,315.0,34.52555545602958,-2.258749961853028
katG,150.6936144533363,A,172,T,A172T,INH,3) Uncertain significance,0.024502533,1.0,Unknown,14.211037013532827,328.0,26.41694255168034,-0.2128007411956787
katG,175.48513599042008,A,172,V,A172V,INH,3) Uncertain significance,0.02082037,1.0,Unknown,14.211037013532827,328.0,27.72096759262996,2.5577218532562256
katG,56.428034940044654,G,177,V,G177V,INH,3) Uncertain significance,0.03932586,1.0,Unknown,21.40449354691673,315.0,42.97384860101139,-3.994793653488159
katG,126.94042303329798,M,176,I,M176I,INH,3) Uncertain significance,0.03532808,1.0,Unknown,21.9697573495931,315.0,24.48735007204724,0.1897616386413574
katG,19.68859103112527,T,180,M,T180M,INH,3) Uncertain significance,0.03344012,1.0,Unknown,28.3201980395618,315.0,32.68277833750696,0.2286462783813476
katG,91.21777832025964,F,178,V,F178V,INH,3) Uncertain significance,0.024241738,0.0,Unknown,25.10096623638221,315.0,23.46929055924925,1.3292784690856934
katG,42.047103848603456,T,180,K,T180K,INH,3) Uncertain significance,0.030266054,1.0,Unknown,28.3201980395618,315.0,29.637803707829963,-0.4615287780761719
katG,762.4815623346833,G,182,R,G182R,INH,3) Uncertain significance,0.09981933,1.0,Unknown,28.66062926734164,315.0,44.1492475965258,-0.9811890125274658
katG,38.52397499150675,G,184,D,G184D,INH,3) Uncertain significance,0.052763417,0.0,Unknown,28.84156384456294,315.0,34.61903783109632,-3.8008472323417664
katG,7.4412281206591615,F,183,S,F183S,INH,3) Uncertain significance,0.03439354,1.0,Unknown,26.504296010269737,315.0,38.08678371297432,1.544708490371704
katG,17.844282415461294,F,183,L,F183L,INH,3) Uncertain significance,0.019583538,1.0,Unknown,26.504296010269737,315.0,22.8377240877722,0.7097582817077637
katG,395.85462940266734,G,186,D,G186D,INH,3) Uncertain significance,0.028083026,1.0,Unknown,30.14106827901095,315.0,34.61903783109632,-1.4734721183776855
katG,24.30728207880793,G,186,A,G186A,INH,3) Uncertain significance,0.01960164,0.0,Unknown,30.14106827901095,315.0,34.52555545602958,0.1647160053253173
katG,9.44061691954994,D,189,A,D189A,INH,3) Uncertain significance,0.02573878,0.5,Unknown,29.439947180659143,315.0,32.79578065715211,3.0158121585845947
katG,12.492461443345064,D,189,G,D189G,INH,3) Uncertain significance,0.022846935,0.8,Unknown,29.439947180659143,315.0,34.61903783109632,1.6765644550323486
katG,14.627043522508302,D,189,Y,D189Y,INH,3) Uncertain significance,0.034114417,1.0,Unknown,29.439947180659143,315.0,36.32517153463494,0.7241508960723877
katG,11.067028843937806,D,189,N,D189N,INH,3) Uncertain significance,0.02275023,1.0,Unknown,29.439947180659143,315.0,20.632582370741144,0.7393362522125244
katG,-147.36202887659374,W,191,G,W191G,INH,3) Uncertain significance,0.029680975,0.6666666666666666,Unknown,26.167196429881432,315.0,51.65976544782065,0.4984097480773926
katG,-149.35884636609217,W,191,R,W191R,INH,3) Uncertain significance,0.035449397,0.9090909090909092,Unknown,26.167196429881432,315.0,38.45697518672335,0.8566977977752686
katG,-1.3877480943710907,D,194,N,D194N,INH,3) Uncertain significance,0.026581135,0.3333333333333333,Unknown,27.50740574827077,315.0,20.632582370741144,-0.0459115505218505
katG,3.190934186692175,K,200,E,K200E,INH,3) Uncertain significance,0.044940174,1.0,Unknown,21.5191846732166,315.0,24.435330484711496,-0.2324514389038086
katG,11.634923889608672,V,196,G,V196G,INH,3) Uncertain significance,0.022471014,1.0,Unknown,27.106207148917008,315.0,42.97384860101139,0.2867319583892822
katG,-2.0133585963785663,Y,197,D,Y197D,INH,3) Uncertain significance,0.041878365,0.5,Unknown,23.42477863289213,315.0,36.32517153463494,0.5502448081970215
katG,1.950755218639188,V,196,I,V196I,INH,3) Uncertain significance,0.02809955,0.0,Unknown,27.106207148917008,315.0,15.178921907491468,-0.7356901168823242
katG,-1.131574986879059,K,200,R,K200R,INH,3) Uncertain significance,0.033244096,0.0,Unknown,21.5191846732166,315.0,22.54394404482823,0.0391392707824707
katG,-1.699547454286403,A,202,S,A202S,INH,3) Uncertain significance,0.019645391,0.0,Unknown,25.343205914011747,315.0,26.48144300167584,-0.6094026565551758
katG,3.4999659543591406,L,205,R,L205R,INH,3) Uncertain significance,0.028134419,0.0,Unknown,28.02010844018988,315.0,40.57857118014128,0.0777695178985595
katG,9.940338993115349,G,206,D,G206D,INH,3) Uncertain significance,0.02265515,1.0,Unknown,29.19145255036138,315.0,34.61903783109632,-0.1184117794036865
katG,224.63258963333988,G,206,R,G206R,INH,3) Uncertain significance,0.028663699,0.0,Unknown,29.19145255036138,315.0,44.1492475965258,-0.4071333408355713
katG,2.404392179050774,D,207,N,D207N,INH,3) Uncertain significance,0.02445003,1.0,Unknown,26.418524277483783,315.0,20.632582370741144,-0.4804780483245849
katG,1.6840574684379137,S,211,N,S211N,INH,3) Uncertain significance,0.036963597,0.2,Unknown,25.89063741973148,315.0,19.57151835136661,-0.3134176731109619
katG,-0.6720423851593296,D,215,E,D215E,INH,3) Uncertain significance,0.018410923,0.0,Unknown,17.91939655792013,315.0,23.13284454741382,-0.1174092292785644
katG,276.3791768192075,L,220,P,L220P,INH,3) Uncertain significance,0.028850254,1.0,Unknown,15.851095009493823,315.0,49.27170475166683,0.5574493408203125
katG,115.70820777645508,M,225,I,M225I,INH,3) Uncertain significance,0.039897103,1.0,Unknown,11.00216746827642,315.0,24.48735007204724,-0.3574233055114746
katG,28.5545523585738,A,222,T,A222T,INH,3) Uncertain significance,0.023462005,1.0,Unknown,12.847687574034484,315.0,26.41694255168034,-0.0991253852844238
katG,5.499242725130898,V,230,A,V230A,INH,3) Uncertain significance,0.023033356,1.0,Unknown,17.63233305606493,315.0,27.72096759262996,1.1489207744598389
katG,5.813125538361419,I,228,L,I228L,INH,3) Uncertain significance,0.024408294,1.0,Unknown,12.079931498150144,315.0,20.74950239789154,0.466836929321289
katG,3.484247110823162,N,236,E,N236E,INH,3) Uncertain significance,0.054275304,0.0,Unknown,15.412424890327932,315.0,28.82118738459617,-0.720841646194458
katG,4.249062071201479,E,233,K,E233K,INH,3) Uncertain significance,0.047059655,1.0,Unknown,13.280765075853123,315.0,24.435330484711496,0.3014853000640869
katG,5.506541853135786,E,233,G,E233G,INH,3) Uncertain significance,0.028476235,1.0,Unknown,13.280765075853123,315.0,42.48882015717018,2.5257099866867065
katG,2.953980988375406,N,236,K,N236K,INH,3) Uncertain significance,0.05727481,0.0,Unknown,15.412424890327932,315.0,26.3028009866802,-0.3614845275878906
katG,2.8914805618533137,P,232,A,P232A,INH,3) Uncertain significance,0.025845306,1.0,Unknown,15.398645524850556,315.0,43.279408841284464,-0.0395648479461669
katG,980.6392709345448,G,234,R,G234R,INH,3) Uncertain significance,0.031348214,0.6666666666666666,Unknown,14.605633091379504,315.0,44.1492475965258,-0.2029817104339599
katG,1.3651837337424697,N,238,T,N238T,INH,3) Uncertain significance,0.030429967,1.0,Unknown,12.68308889821403,315.0,24.234231473312622,-0.0686964988708496
katG,12.87156391388544,G,237,A,G237A,INH,3) Uncertain significance,0.023061039,0.0,Unknown,16.346035268529185,315.0,34.52555545602958,1.0396265983581543
katG,1.604297097863309,N,238,Q,N238Q,INH,3) Uncertain significance,0.030015206,0.0,Unknown,12.68308889821403,315.0,22.97715021449716,-0.5387120246887207
katG,9.6652720879365,G,237,R,G237R,INH,3) Uncertain significance,0.030152356,0.0,Unknown,16.346035268529185,315.0,44.1492475965258,1.2815160751342771
katG,4.558803919116144,P,232,S,P232S,INH,3) Uncertain significance,0.034270596,0.8333333333333334,Unknown,15.398645524850556,315.0,33.197952790471106,-0.8223867416381836
katG,3.914825055005167,D,240,N,D240N,INH,3) Uncertain significance,0.029774616,0.0,Unknown,16.819981242557912,315.0,20.632582370741144,0.8194489479064941
katG,10.758674148560203,P,232,R,P232R,INH,3) Uncertain significance,0.0258773,1.0,Unknown,15.398645524850556,315.0,42.60148692869801,-0.5119948387145996
katG,8.855273608412517,D,240,A,D240A,INH,3) Uncertain significance,0.0366654,1.0,Unknown,16.819981242557912,315.0,32.79578065715211,3.2914570569992065
katG,16.27641130001757,D,240,G,D240G,INH,3) Uncertain significance,0.02748869,0.0,Unknown,16.819981242557912,315.0,34.61903783109632,2.2551910877227783
katG,5.189340210732098,A,243,T,A243T,INH,3) Uncertain significance,0.018239891,0.0,Unknown,16.182967991070118,315.0,26.41694255168034,1.691709280014038
katG,-0.518601491550271,M,242,T,M242T,INH,3) Uncertain significance,0.04707879,1.0,Unknown,10.726786191585996,315.0,32.68277833750696,1.0675113201141355
katG,1.966777113070748,V,246,G,V246G,INH,3) Uncertain significance,0.027622305,0.5,Unknown,12.124698305524966,315.0,42.97384860101139,0.3018960952758789
katG,5.541451710078491,A,244,G,A244G,INH,3) Uncertain significance,0.021974115,0.7142857142857143,Unknown,18.57058087405992,315.0,34.52555545602958,-1.7310407161712646
katG,3.370141051622795,R,249,G,R249G,INH,3) Uncertain significance,0.043190837,1.0,Unknown,16.991094167239496,315.0,44.1492475965258,-0.9671008586883544
katG,3.0024543329395783,D,247,H,D247H,INH,3) Uncertain significance,0.047450606,1.0,Unknown,19.259579071205057,315.0,29.775078049524573,3.4033021926879883
katG,4.251395016051447,R,249,C,R249C,INH,3) Uncertain significance,0.07985778,0.0,Unknown,16.991094167239496,315.0,40.517919150720246,-4.693906784057617
katG,3.300774030753928,I,248,V,I248V,INH,3) Uncertain significance,0.028568475,1.0,Unknown,20.97770828760854,315.0,15.178921907491468,0.0709829330444336
katG,1.538163598803294,R,249,H,R249H,INH,3) Uncertain significance,0.033315543,0.5,Unknown,16.991094167239496,315.0,26.692906012304967,-1.6702523231506348
katG,2.567905931457972,R,249,S,R249S,INH,3) Uncertain significance,0.03272681,0.0,Unknown,16.991094167239496,315.0,31.331509629069213,-0.2848527431488037
katG,3.107631700716865,I,248,T,I248T,INH,3) Uncertain significance,0.036251016,1.0,Unknown,20.97770828760854,315.0,31.61668122731128,-0.6951899528503418
katG,4.072691525302162,R,249,L,R249L,INH,3) Uncertain significance,0.037697956,1.0,Unknown,16.991094167239496,315.0,40.57857118014128,-1.757742404937744
katG,286.15072838510923,R,249,P,R249P,INH,3) Uncertain significance,0.057443745,1.0,Unknown,16.991094167239496,315.0,42.60148692869801,-2.128947734832764
katG,385.1765431932768,R,253,P,R253P,INH,3) Uncertain significance,0.06722365,1.0,Unknown,16.419004628783075,315.0,42.60148692869801,-3.1671794056892395
katG,2.2810381684394088,D,259,A,D259A,INH,3) Uncertain significance,0.051919017,0.0,Unknown,9.79868975935048,315.0,32.79578065715211,1.142854928970337
katG,-0.5932630570332549,A,256,G,A256G,INH,3) Uncertain significance,0.063528635,0.5,Unknown,12.18867416908008,315.0,34.52555545602958,-1.9453296661376955
katG,-1.446817642977294,R,254,S,R254S,INH,3) Uncertain significance,0.043816447,0.0,Unknown,15.446571237656595,328.0,31.331509629069213,1.18644380569458
katG,81.47586118221989,A,256,V,A256V,INH,3) Uncertain significance,0.02718463,1.0,Unknown,12.18867416908008,315.0,27.72096759262996,1.6735172271728516
katG,11.37488031342582,A,256,T,A256T,INH,3) Uncertain significance,0.027543763,1.0,Unknown,12.18867416908008,315.0,26.41694255168034,-0.2660145759582519
katG,5.8675085309150745,D,259,G,D259G,INH,3) Uncertain significance,0.05958354,1.0,Unknown,9.79868975935048,315.0,34.61903783109632,-1.0626461505889893
katG,34.194322996819665,M,257,I,M257I,INH,3) Uncertain significance,0.041881472,0.8571428571428571,Unknown,11.191610429245651,315.0,24.48735007204724,-0.3714261054992676
katG,0.4982175235086288,V,260,I,V260I,INH,3) Uncertain significance,0.031125935,0.0,Unknown,6.864987909676172,315.0,15.178921907491468,-1.487409591674805
katG,1.747627962104616,D,259,E,D259E,INH,3) Uncertain significance,0.030578503,1.0,Unknown,9.79868975935048,315.0,23.13284454741382,1.536888837814331
katG,3.222115471912275,M,257,T,M257T,INH,3) Uncertain significance,0.04897605,0.0,Unknown,11.191610429245651,315.0,32.68277833750696,6.602039694786072
katG,210.00442685414964,A,263,P,A263P,INH,3) Uncertain significance,0.048127983,1.0,Unknown,5.668717844451251,315.0,43.279408841284464,-4.113966464996338
katG,6.1781253627686965,V,267,A,V267A,INH,3) Uncertain significance,0.07751954,0.0,Unknown,3.3784213769155573,315.0,27.72096759262996,3.411743402481079
katG,144.78789043160373,A,264,V,A264V,INH,3) Uncertain significance,0.062823445,0.5,Unknown,3.255566003016988,315.0,27.72096759262996,0.8267784118652344
katG,10.44688620847137,V,267,G,V267G,INH,3) Uncertain significance,0.07133155,1.0,Unknown,3.3784213769155573,315.0,42.97384860101139,4.613094508647919
katG,3.277455790091608,I,266,T,I266T,INH,3) Uncertain significance,0.08388284,0.0,Unknown,3.4741417645225723,315.0,31.61668122731128,-0.1010041236877441
katG,175.35522897168562,H,270,P,H270P,INH,3) Uncertain significance,0.07141371,1.0,Unknown,7.204236947796761,315.0,40.27416020911824,-1.568169116973877
katG,3.18053299721214,G,269,S,G269S,INH,3) Uncertain significance,0.034123354,1.0,Unknown,3.538958603883348,315.0,26.911928800176504,0.9445114135742188
katG,52.12701432194763,L,265,R,L265R,INH,3) Uncertain significance,0.09415371,1.0,Unknown,5.401194127227792,315.0,40.57857118014128,-7.567807197570801
katG,88.61951346830028,G,268,S,G268S,INH,3) Uncertain significance,0.052769046,1.0,Unknown,3.567253565419761,315.0,26.911928800176504,-3.745493978261948
katG,4.940499645757427,T,275,A,T275A,INH,3) Uncertain significance,0.021535622,1.0,Unknown,17.284687587572996,315.0,26.41694255168034,0.6247515678405762
katG,449.1250109549985,T,271,P,T271P,INH,3) Uncertain significance,0.05583634,1.0,Unknown,10.253331361074798,315.0,34.265110857459,-2.411484241485596
katG,311.4173304603685,G,279,D,G279D,INH,3) Uncertain significance,0.0331218,1.0,Unknown,21.145474669536267,315.0,34.61903783109632,-0.5138468742370605
katG,2.1333031618364657,P,280,S,P280S,INH,3) Uncertain significance,0.027621308,0.5,Unknown,22.21836089814008,315.0,33.197952790471106,-0.2831404209136963
katG,12.224651767092382,T,271,I,T271I,INH,3) Uncertain significance,0.038588233,1.0,Unknown,10.253331361074798,315.0,31.61668122731128,4.441666603088379
katG,143.76959994440858,G,273,C,G273C,INH,3) Uncertain significance,0.0812944,1.0,Unknown,15.84664308300026,315.0,41.869754062050006,-3.3088436126708984
katG,61.11408828314143,G,277,S,G277S,INH,3) Uncertain significance,0.02704251,1.0,Unknown,20.96971573484009,315.0,26.911928800176504,-1.1710498332977295
katG,2.028706169240195,T,271,A,T271A,INH,3) Uncertain significance,0.054643366,1.0,Unknown,10.253331361074798,315.0,26.41694255168034,0.3960175514221191
katG,319.3210502590792,T,275,P,T275P,INH,3) Uncertain significance,0.021701999,1.0,Unknown,17.284687587572996,315.0,34.265110857459,-0.5020084381103516
katG,2.8780655384935017,K,274,T,K274T,INH,3) Uncertain significance,0.03253333,1.0,Unknown,18.39452366874445,315.0,29.637803707829963,4.999676704406738
katG,2.620346686074754,A,281,T,A281T,INH,3) Uncertain significance,0.025323037,0.0,Unknown,20.66884907294066,315.0,26.41694255168034,-0.5120849609375
katG,1.6065534289177776,D,282,G,D282G,INH,3) Uncertain significance,0.027078718,0.0,Unknown,20.357184947826163,315.0,34.61903783109632,0.7431066036224365
katG,2.896828076588463,P,286,A,P286A,INH,3) Uncertain significance,0.024715085,0.0,Unknown,27.69052030930441,315.0,43.279408841284464,0.6139297485351562
katG,89.96884628925636,G,285,C,G285C,INH,3) Uncertain significance,0.13062555,1.0,Unknown,25.09504472998604,315.0,41.869754062050006,-3.5162575244903564
katG,90.15024066630076,G,285,R,G285R,INH,3) Uncertain significance,0.03408286,1.0,Unknown,25.09504472998604,315.0,44.1492475965258,-1.2003898620605469
katG,77.13312980743149,G,285,A,G285A,INH,3) Uncertain significance,0.03649893,0.0,Unknown,25.09504472998604,315.0,34.52555545602958,-0.1174182891845703
katG,72.60328663654036,G,285,S,G285S,INH,3) Uncertain significance,0.03306262,1.0,Unknown,25.09504472998604,315.0,26.911928800176504,-0.7551920413970947
katG,228.93649549038787,G,285,V,G285V,INH,3) Uncertain significance,0.030280003,0.6666666666666666,Unknown,25.09504472998604,315.0,42.97384860101139,-0.6398851871490479
katG,199.00359392204015,G,285,D,G285D,INH,3) Uncertain significance,0.027182195,1.0,Unknown,25.09504472998604,315.0,34.61903783109632,-0.706946611404419
katG,1.5250426481516115,E,289,A,E289A,INH,3) Uncertain significance,0.030880729,1.0,Unknown,24.433973622806427,315.0,28.30103222386084,0.7016520500183105
katG,138.5706802083373,A,290,P,A290P,INH,3) Uncertain significance,0.028490914,1.0,Unknown,25.50721921339133,315.0,43.279408841284464,0.1422328948974609
katG,27.55815830834672,P,288,L,P288L,INH,3) Uncertain significance,0.032875188,1.0,Unknown,28.74909349875227,315.0,49.27170475166683,-0.4260687828063965
katG,20.462611258291417,A,291,D,A291D,INH,3) Uncertain significance,0.03335482,1.0,Unknown,22.948812496510573,315.0,32.79578065715211,-0.9024655818939208
katG,3.0994374315246205,P,292,A,P292A,INH,3) Uncertain significance,0.039324563,1.0,Unknown,20.84800414907864,315.0,43.279408841284464,0.0447947978973388
katG,2.767012471938415,E,294,G,E294G,INH,3) Uncertain significance,0.043564983,1.0,Unknown,16.965736559312713,315.0,42.48882015717018,0.2743310928344726
katG,-1.5161437820938772,Q,295,A,Q295A,INH,3) Uncertain significance,0.029056739,0.5,Unknown,20.51564166678683,315.0,27.93616017691385,1.083878993988037
katG,10.51897660933264,M,296,V,M296V,INH,3) Uncertain significance,0.04224569,1.0,Unknown,18.50557991525799,315.0,26.61946259943389,0.9495925903320312
katG,350.81876085149133,Q,295,P,Q295P,INH,3) Uncertain significance,0.029470501,1.0,Unknown,20.51564166678683,315.0,37.5005576758833,0.9517672061920166
katG,45.93756800303072,G,297,V,G297V,INH,3) Uncertain significance,0.0410483,1.0,Unknown,22.23209288393695,315.0,42.97384860101139,-0.8084297180175781
katG,4.733936622280453,Q,295,K,Q295K,INH,3) Uncertain significance,0.039261825,1.0,Unknown,20.51564166678683,315.0,20.152048757182733,0.330951452255249
katG,7.011284886785688,W,300,G,W300G,INH,3) Uncertain significance,0.04472302,1.0,Unknown,19.882395479418463,315.0,51.65976544782065,1.3792860507965088
katG,5.876489959329774,W,300,R,W300R,INH,3) Uncertain significance,0.0508213,0.6666666666666666,Unknown,19.882395479418463,315.0,38.45697518672335,0.7903616428375244
katG,-1.6939866157522374,L,298,S,L298S,INH,3) Uncertain significance,0.035629787,1.0,Unknown,18.365788221582,315.0,37.32648951510237,0.1122417449951171
katG,130.2167180664267,G,299,S,G299S,INH,3) Uncertain significance,0.031085318,1.0,Unknown,21.82400655241837,315.0,26.911928800176504,-0.6375906467437744
katG,115.50449779237032,G,299,A,G299A,INH,3) Uncertain significance,0.02617376,1.0,Unknown,21.82400655241837,315.0,34.52555545602958,-0.3264365196228027
katG,6.71311974092896,W,300,C,W300C,INH,3) Uncertain significance,0.1082501,1.0,Unknown,19.882395479418463,315.0,34.54185018841475,-0.410837173461914
katG,5.715238245603814,W,300,S,W300S,INH,3) Uncertain significance,0.04718579,1.0,Unknown,19.882395479418463,315.0,42.25434326887481,0.8495635986328125
katG,329.4781137231625,G,299,D,G299D,INH,3) Uncertain significance,0.03416412,1.0,Unknown,21.82400655241837,315.0,34.61903783109632,-0.3681855201721191
katG,78.49720903952175,G,305,C,G305C,INH,3) Uncertain significance,0.10584851,0.0,Unknown,15.295156945909383,315.0,41.869754062050006,-2.878569364547729
katG,63.4307356901445,G,305,S,G305S,INH,3) Uncertain significance,0.024592863,1.0,Unknown,15.295156945909383,315.0,26.911928800176504,-0.4988284111022949
katG,970.1457258833656,S,302,R,S302R,INH,3) Uncertain significance,0.030293012,0.8333333333333334,Unknown,16.571570022179547,315.0,31.331509629069213,0.292147159576416
katG,3.931882601301368,K,310,N,K310N,INH,3) Uncertain significance,0.035876177,1.0,Unknown,10.766647296164203,315.0,26.3028009866802,-0.3422443866729736
katG,41.55317375476807,G,307,E,G307E,INH,3) Uncertain significance,0.032405738,0.0,Unknown,12.69608026124599,315.0,42.48882015717018,-1.1257736682891846
katG,107.46608556821366,G,307,V,G307V,INH,3) Uncertain significance,0.03805235,1.0,Unknown,12.69608026124599,315.0,42.97384860101139,-0.5159077644348145
katG,10.276825851192823,D,311,G,D311G,INH,3) Uncertain significance,0.02711845,1.0,Unknown,7.099411313623121,315.0,34.61903783109632,0.83135986328125
katG,3.52972105496292,S,315,G,S315G,INH,3) Uncertain significance,0.03188289,0.9444444444444444,Unknown,7.614513116411317,328.0,26.911928800176504,1.8905106782913208
katG,-1.0484369290852555,S,315,N,S315N,INH,1) Assoc w R,0.042994693,0.9831932773109244,Resistant,7.614513116411317,328.0,19.57151835136661,0.5974888801574707
katG,1.9033189213619155,S,315,R,S315R,INH,3) Uncertain significance,0.035421204,1.0,Unknown,7.614513116411317,328.0,31.331509629069213,0.0284204483032226
katG,334.57774483718003,A,312,P,A312P,INH,3) Uncertain significance,0.030893486,0.0,Unknown,7.37807732407299,315.0,43.279408841284464,-0.2718667984008789
katG,-0.3535478267522194,S,315,I,S315I,INH,3) Uncertain significance,0.050359838,1.0,Unknown,7.614513116411317,328.0,38.25058504319116,-1.705394268035889
katG,-1.74808650228033,S,315,T,S315T,INH,1) Assoc w R,0.028893515,0.9894616026711184,Resistant,7.614513116411317,328.0,17.12767927453449,-0.018899917602539
katG,1.118874630081791,I,317,V,I317V,INH,3) Uncertain significance,0.029524403,1.0,Unknown,4.573855922523137,315.0,15.178921907491468,1.0851759910583496
katG,33.66323477485776,V,319,I,V319I,INH,3) Uncertain significance,0.025164943,0.0,Unknown,6.58398640642582,315.0,15.178921907491468,-1.081892490386963
katG,-0.3113831389186998,N,323,S,N323S,INH,3) Uncertain significance,0.031299517,0.0,Unknown,6.109084874185339,328.0,19.57151835136661,1.6737364530563354
katG,147.42743674531062,T,324,P,T324P,INH,3) Uncertain significance,0.031991318,1.0,Unknown,3.0153858791206094,328.0,34.265110857459,4.800849735736847
katG,-1.71361687221588,T,324,N,T324N,INH,3) Uncertain significance,0.029739652,0.0,Unknown,3.0153858791206094,328.0,24.234231473312622,0.0137562751770019
katG,8.183160008743016,W,321,S,W321S,INH,3) Uncertain significance,0.041091282,1.0,Unknown,9.419144865644649,315.0,42.25434326887481,2.236268758773804
katG,4.249680428955799,T,322,A,T322A,INH,3) Uncertain significance,0.02314603,1.0,Unknown,9.49600131634364,328.0,26.41694255168034,-0.8018265962600708
katG,222.0082194984061,T,322,P,T322P,INH,3) Uncertain significance,0.028397946,1.0,Unknown,9.49600131634364,328.0,34.265110857459,-1.3136407136917114
katG,10.36346759849539,W,328,R,W328R,INH,3) Uncertain significance,0.03946438,1.0,Unknown,7.614513116411317,315.0,38.45697518672335,2.409010887145996
katG,3.5946251212153584,T,326,K,T326K,INH,3) Uncertain significance,0.034371294,1.0,Unknown,3.1768879426256147,328.0,29.637803707829963,1.232949137687683
katG,9.763328228221326,P,325,T,P325T,INH,3) Uncertain significance,0.025681777,1.0,Unknown,2.930018600623547,328.0,34.265110857459,2.2165966033935547
katG,2.699015641331698,D,329,A,D329A,INH,3) Uncertain significance,0.04062678,1.0,Unknown,1.3236698984263444,328.0,32.79578065715211,1.9944303035736084
katG,38.48212602115427,W,328,L,W328L,INH,1) Assoc w R,0.03853951,1.0,Resistant,7.614513116411317,315.0,33.4396452558813,1.6236724853515625
katG,7.975305726394254,W,328,S,W328S,INH,3) Uncertain significance,0.04328986,1.0,Unknown,7.614513116411317,315.0,42.25434326887481,3.6773176193237305
katG,103.44896676464556,T,326,P,T326P,INH,3) Uncertain significance,0.028101644,1.0,Unknown,3.1768879426256147,328.0,34.265110857459,-2.166288137435913
katG,3.527189682647077,S,331,G,S331G,INH,3) Uncertain significance,0.022329073,1.0,Unknown,3.274573101947795,328.0,26.911928800176504,-0.1631426811218261
katG,8.809315806291579,G,338,S,G338S,INH,3) Uncertain significance,0.025875328,0.0,Unknown,12.083122237236529,315.0,26.911928800176504,-0.8048431873321533
katG,90.1506568941345,S,331,I,S331I,INH,3) Uncertain significance,0.037975263,1.0,Unknown,3.274573101947795,328.0,38.25058504319116,0.4762196540832519
katG,3.2419463153378274,S,331,R,S331R,INH,3) Uncertain significance,0.026941493,0.0,Unknown,3.274573101947795,328.0,31.331509629069213,-0.332463264465332
katG,5.027734315602629,Y,337,D,Y337D,INH,3) Uncertain significance,0.05418054,1.0,Unknown,13.353041001959074,315.0,36.32517153463494,2.329264640808105
katG,6.650385337804892,Y,337,C,Y337C,INH,3) Uncertain significance,0.106752075,0.8333333333333334,Unknown,13.353041001959074,315.0,31.8876454197536,-0.3842272758483886
katG,91.07724524978994,L,333,P,L333P,INH,3) Uncertain significance,0.033786986,1.0,Unknown,4.862548817235673,328.0,49.27170475166683,3.490183711051941
katG,2.177347231218846,I,335,V,I335V,INH,3) Uncertain significance,0.027207145,1.0,Unknown,6.358270991393806,315.0,15.178921907491468,0.8705387115478516
katG,6.42684648775321,L,336,M,L336M,INH,3) Uncertain significance,0.042295154,0.0,Unknown,12.790154455674092,315.0,24.945776373708327,-0.4715058803558349
katG,3.0457335249702737,E,342,A,E342A,INH,3) Uncertain significance,0.032147717,0.0,Unknown,14.941894324348567,315.0,28.30103222386084,0.6617183685302734
katG,3.6629434723145096,K,345,N,K345N,INH,3) Uncertain significance,0.042201478,0.0,Unknown,9.796868938594615,315.0,26.3028009866802,0.9127724170684814
katG,2.925254607271654,P,347,S,P347S,INH,3) Uncertain significance,0.030509457,0.0,Unknown,8.278075319782971,315.0,33.197952790471106,0.9862520694732666
katG,145.33347329233197,T,344,P,T344P,INH,3) Uncertain significance,0.031768583,1.0,Unknown,12.037448816090556,315.0,34.265110857459,0.0329046249389648
katG,6.584358347098714,T,344,L,T344L,INH,3) Uncertain significance,0.0387329,0.0,Unknown,12.037448816090556,315.0,33.198942517589,-1.2613582611083984
katG,2.724538709744138,A,348,G,A348G,INH,3) Uncertain significance,0.023479547,0.75,Unknown,9.839801725644676,315.0,34.52555545602958,0.6299149990081787
katG,66.08514990095682,Q,352,Y,Q352Y,INH,3) Uncertain significance,0.04831592,0.0,Unknown,14.00724819513098,328.0,29.519770799893536,0.4954943656921386
katG,-0.1646777938899504,T,354,I,T354I,INH,3) Uncertain significance,0.043503147,0.0909090909090909,Unknown,9.796131991760834,315.0,31.61668122731128,-1.0533232688903809
katG,237.99020845055384,Q,352,P,Q352P,INH,3) Uncertain significance,0.040328383,1.0,Unknown,14.00724819513098,328.0,37.5005576758833,1.2429962158203125
katG,10.683021804549298,Y,353,C,Y353C,INH,3) Uncertain significance,0.10588516,0.0,Unknown,10.874904459350434,328.0,31.8876454197536,-1.6376738548278809
katG,8.47068568359282,F,368,L,F368L,INH,3) Uncertain significance,0.02269303,1.0,Unknown,7.072628224359028,315.0,22.8377240877722,0.693901538848877
katG,0.4937199073124247,T,363,A,T363A,INH,3) Uncertain significance,0.023602553,0.0,Unknown,14.615728411543504,315.0,26.41694255168034,0.4784491062164306
katG,5.425786250325473,I,364,T,I364T,INH,3) Uncertain significance,0.04664504,1.0,Unknown,14.951646665167017,315.0,31.61668122731128,0.6596982479095459
katG,102.51169391669056,L,378,P,L378P,INH,3) Uncertain significance,0.033220947,0.5,Unknown,8.205883255323583,315.0,49.27170475166683,-1.1920645236968994
katG,5.755419894810075,L,378,M,L378M,INH,3) Uncertain significance,0.03631778,1.0,Unknown,8.205883255323583,315.0,24.945776373708327,-0.7311322689056396
katG,3.640193032731077,A,379,V,A379V,INH,3) Uncertain significance,0.022737736,0.75,Unknown,6.899806446560652,328.0,27.72096759262996,-1.124531626701355
katG,0.818733916142719,T,376,M,T376M,INH,3) Uncertain significance,0.044412162,0.0,Unknown,7.896155520251607,315.0,32.68277833750696,2.4880534410476685
katG,-0.1637647214279241,T,380,I,T380I,INH,3) Uncertain significance,0.033543497,0.9166666666666666,Unknown,12.659543238205712,328.0,31.61668122731128,-1.7221860885620115
katG,1.627289262314207,A,379,T,A379T,INH,3) Uncertain significance,0.018542234,1.0,Unknown,6.899806446560652,328.0,26.41694255168034,-0.24392831325531
katG,40.54383473416874,M,377,R,M377R,INH,3) Uncertain significance,0.044649966,1.0,Unknown,10.227618002252528,315.0,36.69003863107888,-2.5117828845977783
katG,2.9866893532798717,T,380,S,T380S,INH,3) Uncertain significance,0.024159694,0.0,Unknown,12.659543238205712,328.0,17.12767927453449,1.0866899490356443
katG,2.980852456005323,T,380,A,T380A,INH,3) Uncertain significance,0.02079362,1.0,Unknown,12.659543238205712,328.0,26.41694255168034,0.4750561714172363
katG,68.8520013006364,T,380,P,T380P,INH,3) Uncertain significance,0.024306523,1.0,Unknown,12.659543238205712,328.0,34.265110857459,1.084760665893555
katG,2.074922453005456,V,386,M,V386M,INH,3) Uncertain significance,0.03660129,0.0,Unknown,13.274133229706562,328.0,26.61946259943389,-0.3839006423950195
katG,0.4823065390064585,V,386,E,V386E,INH,3) Uncertain significance,0.029837744,1.0,Unknown,13.274133229706562,328.0,40.07063541729576,2.31592345237732
katG,13.162050381269635,L,382,R,L382R,INH,3) Uncertain significance,0.028118363,0.0,Unknown,16.01919464267789,328.0,40.57857118014128,1.329991579055786
katG,316.60218506652063,S,383,W,S383W,INH,3) Uncertain significance,0.037613273,1.0,Unknown,15.345776650270915,328.0,42.25434326887481,-0.2870593070983886
katG,12.478401126615609,D,381,G,D381G,INH,3) Uncertain significance,0.02468091,1.0,Unknown,15.074824343918571,328.0,34.61903783109632,0.5376880168914795
katG,10.086031400663614,D,387,G,D387G,INH,3) Uncertain significance,0.028968899,1.0,Unknown,11.308200741055137,328.0,34.61903783109632,-0.1615865230560302
katG,47.758076324746526,D,381,H,D381H,INH,3) Uncertain significance,0.04377721,1.0,Unknown,15.074824343918571,328.0,29.775078049524573,0.3235023021697998
katG,155.07976444585233,L,384,P,L384P,INH,3) Uncertain significance,0.02750086,1.0,Unknown,12.064126201262985,328.0,49.27170475166683,-3.8117637634277344
katG,-0.5761290906020804,E,391,D,E391D,INH,3) Uncertain significance,0.027088694,1.0,Unknown,7.335139603306807,328.0,23.13284454741382,-0.4159142971038818
katG,1.4524251590246422,T,394,A,T394A,INH,3) Uncertain significance,0.021853816,0.3333333333333333,Unknown,8.69936463197169,328.0,26.41694255168034,0.3775515556335449
katG,0.3434010428536567,E,399,D,E399D,INH,3) Uncertain significance,0.026269032,1.0,Unknown,12.049927012227078,328.0,23.13284454741382,1.3920814990997314
katG,8.019284150530439,I,393,S,I393S,INH,3) Uncertain significance,0.03763713,0.5,Unknown,7.692981996599243,328.0,38.25058504319116,1.7520127296447754
katG,3.114066493154951,L,398,R,L398R,INH,3) Uncertain significance,0.029928487,0.0,Unknown,8.554252626617936,328.0,40.57857118014128,0.6646029949188232
katG,1.3650328249718768,E,402,A,E402A,INH,3) Uncertain significance,0.04198724,0.0,Unknown,11.78520318025956,315.0,28.30103222386084,-0.3436218500137329
katG,0.7839575292186964,E,402,K,E402K,INH,3) Uncertain significance,0.05674524,0.3333333333333333,Unknown,11.78520318025956,315.0,24.435330484711496,-0.4382106065750122
katG,2.139559144678969,D,406,G,D406G,INH,3) Uncertain significance,0.032570127,0.0,Unknown,12.533087329145998,315.0,34.61903783109632,-1.8730199337005613
katG,0.4277332437250152,E,407,K,E407K,INH,3) Uncertain significance,0.040360056,0.0,Unknown,18.634545580721845,315.0,24.435330484711496,0.5056085586547852
katG,7.227022521627987,F,408,S,F408S,INH,3) Uncertain significance,0.04438934,1.0,Unknown,20.16647636549331,315.0,38.08678371297432,2.4301271438598637
katG,34.40315509675338,F,408,L,F408L,INH,3) Uncertain significance,0.03154473,1.0,Unknown,20.16647636549331,315.0,22.8377240877722,1.1979241371154783
katG,11.763849371687227,W,412,C,W412C,INH,3) Uncertain significance,0.0902188,1.0,Unknown,21.47092082329028,315.0,34.54185018841475,-1.4830889701843262
katG,14.644127462579036,Y,413,C,Y413C,INH,3) Uncertain significance,0.1129943,1.0,Unknown,23.428042235748165,315.0,31.8876454197536,-1.498495101928711
katG,17.63982559244687,A,411,D,A411D,INH,3) Uncertain significance,0.032300852,1.0,Unknown,21.20907949440522,315.0,32.79578065715211,-5.286887168884277
katG,2.7517726318233144,Y,413,H,Y413H,INH,3) Uncertain significance,0.052105423,0.25,Unknown,23.428042235748165,315.0,25.616944290458218,0.4737653732299804
katG,7.982579281443122,W,412,Y,W412Y,INH,3) Uncertain significance,0.034767874,0.0,Unknown,21.47092082329028,315.0,24.285420820414263,0.6868557929992676
katG,4.913231677212934,D,419,A,D419A,INH,3) Uncertain significance,0.0347184,1.0,Unknown,29.678297575838148,315.0,32.79578065715211,0.9549179077148438
katG,184.83221932145057,D,419,H,D419H,INH,3) Uncertain significance,0.03700619,1.0,Unknown,29.678297575838148,315.0,29.775078049524573,-0.2770991325378418
katG,735.5675523062532,D,419,Y,D419Y,INH,3) Uncertain significance,0.041188955,1.0,Unknown,29.678297575838148,315.0,36.32517153463494,0.2949271202087402
katG,7.20716165296335,M,420,I,M420I,INH,3) Uncertain significance,0.038029905,0.0,Unknown,26.805296398286664,315.0,24.48735007204724,0.4828801155090332
katG,-0.2461026665828285,V,423,I,V423I,INH,3) Uncertain significance,0.02949621,0.4545454545454545,Unknown,29.918344773733725,315.0,15.178921907491468,-1.0393362045288086
katG,1.5148262655097824,A,424,V,A424V,INH,3) Uncertain significance,0.02465815,0.0,Unknown,24.97683825066736,315.0,27.72096759262996,-1.8302233219146729
katG,65.11623786108248,G,421,A,G421A,INH,3) Uncertain significance,0.033560753,1.0,Unknown,29.218228916209146,315.0,34.52555545602958,-0.0529766082763671
katG,2.5558203614755257,A,424,G,A424G,INH,3) Uncertain significance,0.025537353,1.0,Unknown,24.97683825066736,315.0,34.52555545602958,0.1103272438049316
katG,7.163672977217175,P,422,H,P422H,INH,3) Uncertain significance,0.03989432,0.0,Unknown,30.89033198267704,315.0,40.27416020911824,-0.9809138774871826
katG,-0.0856554468218746,V,423,F,V423F,INH,3) Uncertain significance,0.025341423,0.0,Unknown,29.918344773733725,315.0,23.46929055924925,-0.9718470573425292
katG,1.4369394175328123,P,429,R,P429R,INH,3) Uncertain significance,0.03527148,0.0,Unknown,30.512339929936537,328.0,42.60148692869801,-0.8983476161956787
katG,3.3364139939903907,R,425,G,R425G,INH,3) Uncertain significance,0.040537562,1.0,Unknown,28.514136985011486,315.0,44.1492475965258,0.3456182479858398
katG,3.907610972364182,L,427,R,L427R,INH,3) Uncertain significance,0.035611037,0.0,Unknown,30.837766877645333,328.0,40.57857118014128,0.41420578956604
katG,2.6001064087040504,L,427,F,L427F,INH,3) Uncertain significance,0.028529124,0.5,Unknown,30.837766877645333,328.0,22.8377240877722,-1.2299375534057615
katG,1.621895310551281,K,433,T,K433T,INH,3) Uncertain significance,0.039105453,0.25,Unknown,27.967173471768653,315.0,29.637803707829963,-0.0090692043304443
katG,7.926927694649294,V,431,G,V431G,INH,3) Uncertain significance,0.03107501,1.0,Unknown,29.81811137547112,315.0,42.97384860101139,0.6076552867889404
katG,5.73946329735827,P,432,T,P432T,INH,3) Uncertain significance,0.032105338,0.0,Unknown,24.448112790152127,315.0,34.265110857459,-0.6483993530273438
katG,164.37134778227028,P,432,L,P432L,INH,3) Uncertain significance,0.03855229,0.8571428571428571,Unknown,24.448112790152127,315.0,49.27170475166683,-0.8025851249694824
katG,-0.6108047430070656,T,435,I,T435I,INH,3) Uncertain significance,0.03309061,1.0,Unknown,33.39174901079607,315.0,31.61668122731128,-0.6278376579284668
katG,3.3973206439213754,Q,434,H,Q434H,INH,3) Uncertain significance,0.033847824,0.0,Unknown,31.18462739876813,315.0,22.559771492482422,-0.8108959197998047
katG,21.288840822797283,Q,439,R,Q439R,INH,3) Uncertain significance,0.037848786,1.0,Unknown,43.93556140531267,315.0,22.596164034846936,0.2082610130310058
katG,5.092075408617347,L,436,R,L436R,INH,3) Uncertain significance,0.05363053,0.0,Unknown,37.08439813452553,315.0,40.57857118014128,0.0877838134765625
katG,2.1574947424983293,L,437,R,L437R,INH,3) Uncertain significance,0.049705625,0.0,Unknown,40.31791812581597,315.0,40.57857118014128,0.0142188072204589
katG,3.5782360965454245,W,438,G,W438G,INH,3) Uncertain significance,0.08805538,1.0,Unknown,41.47139455094319,315.0,51.65976544782065,2.521761655807495
katG,23.30702967503612,D,440,Y,D440Y,INH,3) Uncertain significance,0.041521966,1.0,Unknown,46.93489014581797,315.0,36.32517153463494,-0.9293227195739746
katG,78.89082613897699,Q,439,Y,Q439Y,INH,3) Uncertain significance,0.058935624,0.0,Unknown,43.93556140531267,315.0,29.519770799893536,-1.498532772064209
katG,2.8144690991698558,Q,439,T,Q439T,INH,3) Uncertain significance,0.028954282,0.0,Unknown,43.93556140531267,315.0,23.55092106789528,0.1292798519134521
katG,-0.3575944081867419,D,448,A,D448A,INH,3) Uncertain significance,0.03621397,1.0,Unknown,59.14279031293671,315.0,32.79578065715211,0.458524227142334
katG,-1.7510372109695709,S,446,N,S446N,INH,3) Uncertain significance,0.03486406,0.0,Unknown,58.36929314288464,315.0,19.57151835136661,-1.1325562000274658
katG,3.5095773650750743,V,442,A,V442A,INH,3) Uncertain significance,0.031504236,1.0,Unknown,52.64517033878796,315.0,27.72096759262996,0.7413403987884521
katG,0.3697518355033935,V,445,I,V445I,INH,3) Uncertain significance,0.030844413,0.0,Unknown,56.71035741379171,315.0,15.178921907491468,-1.4362282752990725
katG,3.8310900257220055,H,447,R,H447R,INH,3) Uncertain significance,0.044405196,0.0,Unknown,60.912133799432766,315.0,26.692906012304967,0.9470219612121582
katG,1.5526970855103173,V,450,A,V450A,INH,3) Uncertain significance,0.03129754,1.0,Unknown,60.23904548546566,315.0,27.72096759262996,0.3107855319976806
katG,-1.4083114908103198,G,451,D,G451D,INH,3) Uncertain significance,0.037526898,0.0,Unknown,62.03690424255549,315.0,34.61903783109632,2.5300323963165283
katG,-0.4333272934654815,I,455,L,I455L,INH,3) Uncertain significance,0.03565696,0.0,Unknown,62.14267680105196,315.0,20.74950239789154,1.673625946044922
katG,2.1938860814771037,S,457,G,S457G,INH,3) Uncertain significance,0.040542863,0.0,Unknown,61.78565337519706,315.0,26.911928800176504,-1.6160478591918943
katG,1.278565616453761,S,457,I,S457I,INH,3) Uncertain significance,0.05549305,1.0,Unknown,61.78565337519706,315.0,38.25058504319116,9.139942109584808
katG,8.138570046473433,K,459,E,K459E,INH,3) Uncertain significance,0.049784187,1.0,Unknown,60.80596597374306,315.0,24.435330484711496,1.1082141399383545
katG,8.106249782831128,L,458,S,L458S,INH,3) Uncertain significance,0.08956844,0.0,Unknown,64.41914902418381,315.0,37.32648951510237,1.222585678100586
katG,21.884163877938136,L,458,R,L458R,INH,3) Uncertain significance,0.08074978,0.5,Unknown,64.41914902418381,315.0,40.57857118014128,3.5230157375335693
katG,1.3845720100416656,Q,461,E,Q461E,INH,3) Uncertain significance,0.03677519,1.0,Unknown,57.66340476420032,315.0,21.817564078907125,-0.8754615783691406
katG,368.3964731683413,Q,461,P,Q461P,INH,3) Uncertain significance,0.06427641,0.625,Unknown,57.66340476420032,315.0,37.5005576758833,-0.8989076614379883
katG,2.830871358726654,Q,461,R,Q461R,INH,3) Uncertain significance,0.04090997,0.0,Unknown,57.66340476420032,315.0,22.596164034846936,-0.7106294631958008
katG,-4.39803943273273,R,463,L,R463L,INH,5) Not assoc w R,0.0698414,0.376645341569233,Susceptible,56.652305654756894,315.0,40.57857118014128,-1.3777124881744385
katG,19.166995839037558,G,466,R,G466R,INH,3) Uncertain significance,0.09236212,0.5,Unknown,52.84984380298583,315.0,44.1492475965258,0.2538976669311523
katG,27.10068168209773,T,468,P,T468P,INH,3) Uncertain significance,0.055659425,1.0,Unknown,48.95090122765872,315.0,34.265110857459,2.0099852085113525
katG,10.666849728772831,T,468,I,T468I,INH,3) Uncertain significance,0.099038705,0.0,Unknown,48.95090122765872,315.0,31.61668122731128,0.2659022808074951
katG,82.85910556176805,V,469,L,V469L,INH,5) Not assoc w R,0.03395257,0.0,Susceptible,47.66866635432546,315.0,21.74847419041692,-1.6576743125915527
katG,5.326163526953224,Q,471,R,Q471R,INH,3) Uncertain significance,0.07013527,1.0,Unknown,44.76889435757824,315.0,22.596164034846936,-1.741652488708496
katG,6.512851253241479,Q,471,L,Q471L,INH,3) Uncertain significance,0.0921229,0.0,Unknown,44.76889435757824,315.0,35.62677194633543,8.633034899830818
katG,377.535405236217,T,475,I,T475I,INH,3) Uncertain significance,0.052202698,0.1666666666666666,Unknown,39.78816271204289,315.0,31.61668122731128,-3.2652816772460938
katG,45.46797558556091,V,473,L,V473L,INH,3) Uncertain significance,0.036034547,0.6206896551724138,Unknown,41.85329656072506,315.0,21.74847419041692,0.1133580207824707
katG,1.1190118543509016,T,475,A,T475A,INH,3) Uncertain significance,0.0905926,0.0,Unknown,39.78816271204289,315.0,26.41694255168034,6.199605375528336
katG,3.939933439577544,A,479,G,A479G,INH,3) Uncertain significance,0.065650806,1.0,Unknown,31.146900616273204,315.0,34.52555545602958,-2.948791980743408
katG,358.1432990469332,S,474,P,S474P,INH,3) Uncertain significance,0.07767055,1.0,Unknown,40.89483460047247,315.0,33.197952790471106,-5.812294006347656
katG,105.81951061542532,A,476,V,A476V,INH,3) Uncertain significance,0.02898865,0.0,Unknown,36.61617676656043,315.0,27.72096759262996,0.5942487716674805
katG,53.00718294936905,A,479,E,A479E,INH,3) Uncertain significance,0.06546999,1.0,Unknown,31.146900616273204,315.0,28.30103222386084,-7.875781059265137
katG,120.08358656888048,A,479,V,A479V,INH,3) Uncertain significance,0.025690414,1.0,Unknown,31.146900616273204,315.0,27.72096759262996,-4.261448383331299
katG,51.55856644784535,A,480,Q,A480Q,INH,3) Uncertain significance,0.0577728,0.0,Unknown,28.07381972585847,315.0,27.93616017691385,-3.970310926437378
katG,3.2972554191783274,A,480,S,A480S,INH,3) Uncertain significance,0.053435758,1.0,Unknown,28.07381972585847,315.0,26.48144300167584,0.7110941410064697
katG,2.241331233552046,R,484,G,R484G,INH,3) Uncertain significance,0.061311968,1.0,Unknown,34.3225435683313,315.0,44.1492475965258,-1.8724734783172607
katG,0.7710548736799865,R,484,H,R484H,INH,3) Uncertain significance,0.037198637,1.0,Unknown,34.3225435683313,315.0,26.692906012304967,-3.0159661769866943
katG,156.68640577098336,S,482,P,S482P,INH,3) Uncertain significance,0.052681237,1.0,Unknown,30.498090563181165,315.0,33.197952790471106,-2.2599005699157715
katG,67.70936089067163,F,483,L,F483L,INH,3) Uncertain significance,0.03270202,1.0,Unknown,29.235434287863765,315.0,22.8377240877722,2.3175582885742188
katG,-1.057950488354436,S,481,A,S481A,INH,3) Uncertain significance,0.03183374,0.0,Unknown,27.422894522642945,315.0,26.48144300167584,-1.558612585067749
katG,25.680416714632884,S,481,L,S481L,INH,3) Uncertain significance,0.13436404,0.5,Unknown,27.422894522642945,315.0,37.32648951510237,-3.373947858810425
katG,-0.1116479084125785,K,488,N,K488N,INH,3) Uncertain significance,0.04873348,1.0,Unknown,41.01444610134337,315.0,26.3028009866802,-2.5744731426239014
katG,1.390600616280608,K,488,E,K488E,INH,3) Uncertain significance,0.055474423,1.0,Unknown,41.01444610134337,315.0,24.435330484711496,-3.04927659034729
katG,2.7228517675712283,D,487,N,D487N,INH,3) Uncertain significance,0.034084976,1.0,Unknown,40.31141876689532,315.0,20.632582370741144,0.786473274230957
katG,92.45787101852216,G,490,A,G490A,INH,3) Uncertain significance,0.028221812,1.0,Unknown,36.35918749092175,315.0,34.52555545602958,-4.445065677165985
katG,-1.400323140609089,R,489,C,R489C,INH,3) Uncertain significance,0.1266846,1.0,Unknown,42.85730871158384,315.0,40.517919150720246,-1.3877348899841309
katG,-2.3181597415236865,R,489,S,R489S,INH,3) Uncertain significance,0.04397191,0.0,Unknown,42.85730871158384,315.0,31.331509629069213,1.027745246887207
katG,7.089488705536041,A,492,D,A492D,INH,3) Uncertain significance,0.033853825,1.0,Unknown,44.78832075441096,315.0,32.79578065715211,2.89118230342865
katG,9.566905376774685,N,493,K,N493K,INH,3) Uncertain significance,0.0466694,1.0,Unknown,41.34136095969748,315.0,26.3028009866802,-1.681053638458252
katG,2.5127107780044757,N,493,S,N493S,INH,3) Uncertain significance,0.03969857,1.0,Unknown,41.34136095969748,315.0,19.57151835136661,1.1758112907409668
katG,169.03727528300303,G,491,S,G491S,INH,3) Uncertain significance,0.03216635,1.0,Unknown,43.112044013245296,315.0,26.911928800176504,2.2377175092697144
katG,19.115734266113577,G,494,A,G494A,INH,3) Uncertain significance,0.022598905,0.5,Unknown,38.842917024857954,315.0,34.52555545602958,0.4889001846313476
katG,10.291941997016238,G,495,A,G495A,INH,3) Uncertain significance,0.04003883,1.0,Unknown,37.0098111586644,315.0,34.52555545602958,0.6255147457122803
katG,19.47731851207664,G,494,S,G494S,INH,3) Uncertain significance,0.030928858,0.0,Unknown,38.842917024857954,315.0,26.911928800176504,-2.608238220214844
katG,270.35270744640366,G,495,R,G495R,INH,3) Uncertain significance,0.03583407,1.0,Unknown,37.0098111586644,315.0,44.1492475965258,2.8735774159431458
katG,14.980448809304562,G,495,S,G495S,INH,3) Uncertain significance,0.033329308,0.25,Unknown,37.0098111586644,315.0,26.911928800176504,0.0761401653289794
katG,2.2682399288355555,I,497,V,I497V,INH,3) Uncertain significance,0.02976993,0.0,Unknown,43.05565565637109,315.0,15.178921907491468,1.4303717613220217
katG,1.2927930953101168,E,506,D,E506D,INH,3) Uncertain significance,0.026750356,1.0,Unknown,52.83319449929183,315.0,23.13284454741382,-0.1572370529174804
katG,1.069293323871534,V,503,A,V503A,INH,3) Uncertain significance,0.029593518,0.0,Unknown,47.421345826536815,315.0,27.72096759262996,2.0196738243103027
katG,8.404444878940012,V,507,I,V507I,INH,3) Uncertain significance,0.028726796,0.0,Unknown,53.78085181549285,315.0,15.178921907491468,-1.3863043785095217
katG,12.3932489299591,W,505,R,W505R,INH,3) Uncertain significance,0.108374335,1.0,Unknown,50.68379355375839,315.0,38.45697518672335,3.120328903198242
katG,2.391631881708236,P,510,A,P510A,INH,3) Uncertain significance,0.047933366,0.0,Unknown,54.7149720734645,315.0,43.279408841284464,1.9721888303756716
katG,54.577839851900535,P,510,L,P510L,INH,3) Uncertain significance,0.040602602,0.0,Unknown,54.7149720734645,315.0,49.27170475166683,-0.4777369499206543
katG,2.4766367641018405,D,509,N,D509N,INH,3) Uncertain significance,0.032847624,0.0,Unknown,48.30526311904326,315.0,20.632582370741144,-0.4542045593261719
katG,0.9066288975104726,D,511,N,D511N,INH,3) Uncertain significance,0.03676973,0.0,Unknown,53.93050225985292,315.0,20.632582370741144,-0.1332786083221435
katG,0.1405604897131525,D,511,Y,D511Y,INH,3) Uncertain significance,0.04772157,0.0,Unknown,53.93050225985292,315.0,36.32517153463494,-1.992952823638916
katG,2.0549556318342184,R,515,H,R515H,INH,3) Uncertain significance,0.044594876,0.0,Unknown,52.91049134150996,315.0,26.692906012304967,-1.862076997756958
katG,3.4757085821415785,D,513,N,D513N,INH,3) Uncertain significance,0.03575579,0.0,Unknown,54.259266729287816,315.0,20.632582370741144,1.595903396606445
katG,62.85995941236524,L,514,P,L514P,INH,3) Uncertain significance,0.037252378,0.0,Unknown,56.78079479014009,315.0,49.27170475166683,0.6667535305023193
katG,1.5262518127942712,K,516,R,K516R,INH,3) Uncertain significance,0.03195776,1.0,Unknown,51.08538938874794,315.0,22.54394404482823,0.5337233543395996
katG,0.6947278101470147,R,519,H,R519H,INH,3) Uncertain significance,0.043309804,0.0,Unknown,51.7026131738039,315.0,26.692906012304967,-1.347219467163086
katG,3.784453975244105,T,520,N,T520N,INH,3) Uncertain significance,0.03018191,0.0,Unknown,57.123104966379415,315.0,24.234231473312622,-3.5363993644714355
katG,1.473625441593413,T,520,A,T520A,INH,3) Uncertain significance,0.028055735,0.0,Unknown,57.123104966379415,315.0,26.41694255168034,1.445004940032959
katG,1.9522581265227927,E,523,D,E523D,INH,3) Uncertain significance,0.030471588,0.0,Unknown,54.63489215693576,315.0,23.13284454741382,-0.9199657440185548
katG,0.4606996578363578,E,522,K,E522K,INH,3) Uncertain significance,0.048799142,0.0,Unknown,57.62308677951919,315.0,24.435330484711496,-0.4941228628158569
katG,1.2183423038059118,Q,525,A,Q525A,INH,3) Uncertain significance,0.035279967,0.0,Unknown,62.89618266635902,315.0,27.93616017691385,1.507028102874756
katG,1.4177149235538309,E,522,Q,E522Q,INH,3) Uncertain significance,0.043598298,1.0,Unknown,57.62308677951919,315.0,21.817564078907125,-0.7481969594955444
katG,0.8936337460086179,S,527,L,S527L,INH,3) Uncertain significance,0.037878063,0.0,Unknown,60.735020671767295,315.0,37.32648951510237,3.8543195724487305
katG,5.1852471306842745,Q,525,T,Q525T,INH,3) Uncertain significance,0.030069914,1.0,Unknown,62.89618266635902,315.0,23.55092106789528,0.5087974071502686
katG,391.98417315011807,Q,525,P,Q525P,INH,3) Uncertain significance,0.049797636,1.0,Unknown,62.89618266635902,315.0,37.5005576758833,-2.589139699935913
katG,2.7759662638491136,Q,525,S,Q525S,INH,3) Uncertain significance,0.03519837,0.0,Unknown,62.89618266635902,315.0,24.28739299377468,0.7326450347900391
katG,5.7595478537346025,N,529,T,N529T,INH,3) Uncertain significance,0.036649253,1.0,Unknown,54.68284880106376,328.0,24.234231473312622,0.399876594543457
katG,366.5762137850122,A,532,P,A532P,INH,3) Uncertain significance,0.032267887,0.0,Unknown,51.95165492070489,315.0,43.279408841284464,-0.5328718423843384
katG,2.6824988474945712,P,533,L,P533L,INH,3) Uncertain significance,0.038217742,0.0,Unknown,48.31222932136336,315.0,49.27170475166683,-0.8547260761260986
katG,6.174639179435872,N,535,T,N535T,INH,3) Uncertain significance,0.052308593,0.0,Unknown,45.53158514701636,315.0,24.234231473312622,0.1274363994598388
katG,-0.928126970800804,G,534,R,G534R,INH,3) Uncertain significance,0.052429058,0.0,Unknown,47.85096048147832,315.0,44.1492475965258,-2.076920688152313
katG,0.1385483808689969,K,537,E,K537E,INH,3) Uncertain significance,0.04431891,0.0,Unknown,50.77024323361077,315.0,24.435330484711496,-0.5885076522827148
katG,3.9310462752605417,V,538,A,V538A,INH,3) Uncertain significance,0.07304782,0.0,Unknown,48.475832597285006,315.0,27.72096759262996,3.366302967071533
katG,7.328638957373187,F,540,S,F540S,INH,3) Uncertain significance,0.039188016,1.0,Unknown,51.58671329906568,315.0,38.08678371297432,7.64801812171936
katG,125.38831335652549,A,541,V,A541V,INH,3) Uncertain significance,0.034835853,1.0,Unknown,53.746540381684106,315.0,27.72096759262996,-1.945650100708008
katG,66.41504117895602,A,541,T,A541T,INH,3) Uncertain significance,0.02200414,0.4,Unknown,53.746540381684106,315.0,26.41694255168034,-0.4838600158691406
katG,6.791992006684268,D,542,E,D542E,INH,3) Uncertain significance,0.03239311,1.0,Unknown,53.414402973355415,315.0,23.13284454741382,2.1157827377319336
katG,1.6026635233056368,C,549,S,C549S,INH,3) Uncertain significance,0.09860537,0.5,Unknown,60.4342386234823,315.0,32.719896973736354,0.6605048179626465
katG,3.873989951863223,C,549,G,C549G,INH,3) Uncertain significance,0.09226944,0.0,Unknown,60.4342386234823,315.0,41.869754062050006,-0.579526424407959
katG,1367.3921593360408,G,547,Y,G547Y,INH,3) Uncertain significance,0.044472493,1.0,Unknown,58.381992052344366,315.0,43.055026119979175,-11.11195052973926
katG,1327.325934795534,G,548,R,G548R,INH,3) Uncertain significance,0.04496885,1.0,Unknown,61.31143195196146,315.0,44.1492475965258,-0.7599616050720215
katG,6.383493994688251,E,553,K,E553K,INH,3) Uncertain significance,0.04935918,1.0,Unknown,65.22590633329675,315.0,24.435330484711496,0.6360459327697754
katG,8.15432093425079,A,551,S,A551S,INH,3) Uncertain significance,0.04670866,0.0,Unknown,64.07475176697916,315.0,26.48144300167584,-3.132168769836426
katG,1.8278773987585737,K,557,N,K557N,INH,3) Uncertain significance,0.08275556,0.3,Unknown,59.35828842714386,315.0,26.3028009866802,-0.7515411376953125
katG,12.181885883406268,G,560,R,G560R,INH,3) Uncertain significance,0.10787239,1.0,Unknown,52.25821391896206,315.0,44.1492475965258,1.2026140689849854
katG,1.357889906264063,K,557,R,K557R,INH,3) Uncertain significance,0.04192868,0.0,Unknown,59.35828842714386,315.0,22.54394404482823,-0.1470842361450195
katG,2.7014103063906987,A,558,R,A558R,INH,3) Uncertain significance,0.047454454,0.0,Unknown,57.5413122547618,315.0,35.89469960262611,-2.08647221326828
katG,7.062248898667804,G,560,S,G560S,INH,3) Uncertain significance,0.10616842,0.3333333333333333,Unknown,52.25821391896206,315.0,26.911928800176504,-0.1036643981933593
katG,11.908457517843544,G,560,A,G560A,INH,3) Uncertain significance,0.10755875,0.0,Unknown,52.25821391896206,315.0,34.52555545602958,0.6924288272857666
katG,79.81271919888604,A,559,V,A559V,INH,3) Uncertain significance,0.0607674,0.0,Unknown,53.91448614240889,315.0,27.72096759262996,-2.418440341949463
katG,0.3472150155735107,N,562,H,N562H,INH,3) Uncertain significance,0.049065128,0.2222222222222222,Unknown,47.69396611731929,315.0,25.720699680937056,1.0997061729431152
katG,4.06506324369002,P,566,S,P566S,INH,3) Uncertain significance,0.049868517,0.0,Unknown,42.30559324722915,315.0,33.197952790471106,1.6165375709533691
katG,8.63027727069948,V,565,A,V565A,INH,3) Uncertain significance,0.043070503,1.0,Unknown,44.64516924595539,315.0,27.72096759262996,1.5028374195098877
katG,5.485910108179269,P,566,R,P566R,INH,3) Uncertain significance,0.059567846,1.0,Unknown,42.30559324722915,315.0,42.60148692869801,0.1867275238037109
katG,5.701832488689433,P,566,L,P566L,INH,3) Uncertain significance,0.1013032,0.0,Unknown,42.30559324722915,315.0,49.27170475166683,3.591062545776367
katG,104.79415410275784,T,568,P,T568P,INH,3) Uncertain significance,0.037550922,1.0,Unknown,39.82971500023569,315.0,34.265110857459,4.854270830750465
katG,85.11428273247202,P,569,L,P569L,INH,3) Uncertain significance,0.034954913,0.0,Unknown,39.60167586100366,315.0,49.27170475166683,0.7335882186889648
katG,414.5191835606047,G,570,F,G570F,INH,3) Uncertain significance,0.03230882,0.0,Unknown,37.70383758982632,328.0,47.12778706171029,0.2417402267456054
katG,6.437615476100746,R,571,L,R571L,INH,3) Uncertain significance,0.03287006,1.0,Unknown,35.08071722470907,328.0,40.57857118014128,-0.6136043071746826
katG,20.333017915046184,R,571,H,R571H,INH,3) Uncertain significance,0.03737003,1.0,Unknown,35.08071722470907,328.0,26.692906012304967,-2.489064931869507
katG,41.83156259075804,Q,576,Y,Q576Y,INH,3) Uncertain significance,0.03877581,0.5,Unknown,28.470186283198075,315.0,29.519770799893536,-1.8899133205413816
katG,4.121731996989183,T,579,A,T579A,INH,3) Uncertain significance,0.025085138,1.0,Unknown,32.50154033272885,315.0,26.41694255168034,0.2158951759338379
katG,4.533809445907991,T,579,S,T579S,INH,3) Uncertain significance,0.029929882,1.0,Unknown,32.50154033272885,315.0,17.12767927453449,0.3099164962768554
katG,2.6878536164881552,V,581,M,V581M,INH,3) Uncertain significance,0.044984523,1.0,Unknown,32.47961023473034,315.0,26.61946259943389,-1.4510564804077148
katG,5.7033210971367225,F,584,V,F584V,INH,3) Uncertain significance,0.026012408,0.2857142857142857,Unknown,34.75086515469794,315.0,23.46929055924925,1.6087677478790283
katG,9.597600042420709,E,588,G,E588G,INH,3) Uncertain significance,0.0340966,1.0,Unknown,43.5719790805972,315.0,42.48882015717018,1.8726377487182615
katG,4.7563791203638175,V,586,M,V586M,INH,3) Uncertain significance,0.04193488,0.0,Unknown,42.63827498855928,315.0,26.61946259943389,-0.5101385116577148
katG,196.08447247389995,L,587,P,L587P,INH,3) Uncertain significance,0.042322084,0.5,Unknown,44.2275106579604,315.0,49.27170475166683,-0.2201685905456543
katG,0.6803813955116311,K,590,Q,K590Q,INH,3) Uncertain significance,0.030500066,0.0,Unknown,48.28320040138185,315.0,20.152048757182733,-0.5280413627624512
katG,14.924553484743685,L,587,R,L587R,INH,3) Uncertain significance,0.031324312,1.0,Unknown,44.2275106579604,315.0,40.57857118014128,0.7435798645019531
katG,100.56185745370384,A,591,T,A591T,INH,3) Uncertain significance,0.020329764,0.25,Unknown,42.93222104666844,315.0,26.41694255168034,-1.131155490875244
katG,26.24537833052773,G,593,S,G593S,INH,3) Uncertain significance,0.02627073,0.5,Unknown,41.88912149950151,315.0,26.911928800176504,1.2495088577270508
katG,2.4479499448484603,K,600,Q,K600Q,INH,3) Uncertain significance,0.032503773,1.0,Unknown,43.061923702965245,315.0,20.152048757182733,-0.3104557991027832
katG,46.0172354085596,G,593,C,G593C,INH,3) Uncertain significance,0.08949659,0.0,Unknown,41.88912149950151,315.0,41.869754062050006,0.070352554321289
katG,-3.0931021193564447,R,595,Q,R595Q,INH,3) Uncertain significance,0.033946965,1.0,Unknown,35.93510670639507,315.0,22.596164034846936,-0.4474444389343261
katG,-3.700035273213416,R,595,L,R595L,INH,3) Uncertain significance,0.032379672,0.0,Unknown,35.93510670639507,315.0,40.57857118014128,-1.9366183280944824
katG,94.94989584474295,G,593,D,G593D,INH,3) Uncertain significance,0.023670554,1.0,Unknown,41.88912149950151,315.0,34.61903783109632,-1.2358155250549316
katG,33.90765868281619,N,596,T,N596T,INH,3) Uncertain significance,0.03161609,1.0,Unknown,37.08885224700274,315.0,24.234231473312622,-0.0021562576293945
katG,4.542143019504238,Y,597,H,Y597H,INH,3) Uncertain significance,0.04410235,1.0,Unknown,34.3925914115235,315.0,25.616944290458218,-0.696631908416748
katG,-44.00959720087712,N,596,S,N596S,INH,3) Uncertain significance,0.033887863,1.0,Unknown,37.08885224700274,315.0,19.57151835136661,0.5890750885009766
katG,5.064519738221406,L,598,R,L598R,INH,3) Uncertain significance,0.034359194,0.0,Unknown,36.49119856897003,315.0,40.57857118014128,0.7644023895263672
katG,64.47863774531652,F,594,L,F594L,INH,3) Uncertain significance,0.020901417,1.0,Unknown,38.80364265117387,315.0,22.8377240877722,1.8800785541534424
katG,176.84290552225775,N,596,K,N596K,INH,3) Uncertain significance,0.041512717,1.0,Unknown,37.08885224700274,315.0,26.3028009866802,-0.7259125709533691
katG,4.467656141813222,G,601,D,G601D,INH,3) Uncertain significance,0.025186757,0.0,Unknown,42.74283697884359,315.0,34.61903783109632,-1.6460787057876587
katG,2.165703286919779,L,604,S,L604S,INH,3) Uncertain significance,0.02950335,1.0,Unknown,41.2298638974227,315.0,37.32648951510237,0.7058761119842529
katG,5.393682066108795,P,605,R,P605R,INH,3) Uncertain significance,0.028479762,0.0,Unknown,38.77543961066077,315.0,42.60148692869801,-3.3819282054901123
katG,2.6284544601890047,M,609,T,M609T,INH,3) Uncertain significance,0.05395577,0.0,Unknown,33.8433370251812,315.0,32.68277833750696,-3.898115634918213
katG,4.851032091605248,E,607,D,E607D,INH,3) Uncertain significance,0.020891445,1.0,Unknown,38.21017389387282,315.0,23.13284454741382,-0.8318644762039185
katG,7.553055719130953,E,607,G,E607G,INH,3) Uncertain significance,0.031271636,1.0,Unknown,38.21017389387282,315.0,42.48882015717018,-2.2003263235092163
katG,3.1233594177547275,E,607,K,E607K,INH,3) Uncertain significance,0.03608036,1.0,Unknown,38.21017389387282,315.0,24.435330484711496,-1.339894413948059
katG,16.71038470149915,A,606,T,A606T,INH,3) Uncertain significance,0.031249892,0.0,Unknown,33.94422688764615,315.0,26.41694255168034,-2.134194016456604
katG,0.2550217298175994,A,606,P,A606P,INH,3) Uncertain significance,0.026632378,0.0,Unknown,33.94422688764615,315.0,43.279408841284464,-2.04612934589386
katG,46.11559581968686,M,609,I,M609I,INH,3) Uncertain significance,0.039768543,1.0,Unknown,33.8433370251812,315.0,24.48735007204724,0.8736357688903809
katG,12.166802489598922,L,611,R,L611R,INH,3) Uncertain significance,0.027991273,1.0,Unknown,37.58744880940978,315.0,40.57857118014128,0.6854491233825684
katG,202.48927470340985,A,614,E,A614E,INH,3) Uncertain significance,0.04182163,1.0,Unknown,42.74931788929503,315.0,28.30103222386084,-0.2833795547485351
katG,45.72611396905222,A,614,T,A614T,INH,3) Uncertain significance,0.02264511,0.5,Unknown,42.74931788929503,315.0,26.41694255168034,-1.6379022598266602
katG,4.501463472066462,L,616,S,L616S,INH,3) Uncertain significance,0.030366562,0.0,Unknown,46.90974894411608,315.0,37.32648951510237,-7.961740612983704
katG,24.425996772786675,A,621,T,A621T,INH,3) Uncertain significance,0.02654002,1.0,Unknown,46.71665977999712,315.0,26.41694255168034,-1.6543562412261963
katG,0.8361952280042715,P,622,T,P622T,INH,3) Uncertain significance,0.040095195,0.0,Unknown,48.58670391166703,315.0,34.265110857459,1.01177978515625
katG,8.466884887726792,E,623,G,E623G,INH,3) Uncertain significance,0.036701992,1.0,Unknown,52.61819351707164,315.0,42.48882015717018,1.684247970581055
katG,3.930980771249324,E,623,A,E623A,INH,3) Uncertain significance,0.03602316,0.0,Unknown,52.61819351707164,315.0,28.30103222386084,5.57387638092041
katG,171.4556191795059,M,624,I,M624I,INH,3) Uncertain significance,0.03722954,1.0,Unknown,54.10813470264892,315.0,24.48735007204724,0.936366081237793
katG,-2.00132618302041,T,625,A,T625A,INH,3) Uncertain significance,0.026137717,0.8888888888888888,Unknown,48.98663812714646,315.0,26.41694255168034,1.1699671745300293
katG,28.78453847280207,M,624,V,M624V,INH,3) Uncertain significance,0.045648873,1.0,Unknown,54.10813470264892,315.0,26.61946259943389,3.6341068744659424
katG,60.596854386348696,T,625,K,T625K,INH,3) Uncertain significance,0.042823695,1.0,Unknown,48.98663812714646,315.0,29.637803707829963,-5.135960102081299
katG,298.5692857201998,T,625,P,T625P,INH,3) Uncertain significance,0.031790894,1.0,Unknown,48.98663812714646,315.0,34.265110857459,-4.8702712059021
katG,63.21474468239808,G,629,C,G629C,INH,3) Uncertain significance,0.096231915,1.0,Unknown,55.19652679290609,315.0,41.869754062050006,-6.499249443411827
katG,268.2765838184707,L,627,P,L627P,INH,3) Uncertain significance,0.04371867,1.0,Unknown,56.75568519540576,315.0,49.27170475166683,-10.052150011062622
katG,111.8689930828125,G,629,D,G629D,INH,3) Uncertain significance,0.044670288,1.0,Unknown,55.19652679290609,315.0,34.61903783109632,-7.506773456931114
katG,10.877007579681276,G,630,S,G630S,INH,3) Uncertain significance,0.023726458,0.0,Unknown,51.23916341042271,315.0,26.911928800176504,0.302469253540039
katG,3.0044990607441378,V,633,A,V633A,INH,3) Uncertain significance,0.04462316,0.5,Unknown,51.97203661585719,315.0,27.72096759262996,-1.247701644897461
katG,-73.74491078019855,R,632,C,R632C,INH,3) Uncertain significance,0.10472264,1.0,Unknown,48.35341369541555,315.0,40.517919150720246,2.2959651947021484
katG,102.91004267986044,V,633,I,V633I,INH,3) Uncertain significance,0.030117402,0.0,Unknown,51.97203661585719,315.0,15.178921907491468,0.6859264373779297
katG,7.606043458767544,L,631,Q,L631Q,INH,3) Uncertain significance,0.03765958,1.0,Unknown,52.15588724199791,315.0,35.62677194633543,3.574867248535156
katG,10.997895175729129,G,635,A,G635A,INH,3) Uncertain significance,0.027948547,1.0,Unknown,52.999841999764485,315.0,34.52555545602958,-0.2451019287109375
katG,188.6265060858564,N,637,K,N637K,INH,3) Uncertain significance,0.036299862,1.0,Unknown,53.48841332475661,315.0,26.3028009866802,0.8828506469726562
katG,4.262699800966402,Y,638,H,Y638H,INH,3) Uncertain significance,0.045342118,0.0,Unknown,55.99939433601045,315.0,25.616944290458218,2.1727585792541504
katG,342.5384443787159,T,647,P,T647P,INH,3) Uncertain significance,0.027020723,0.0,Unknown,57.27253438603884,315.0,34.265110857459,-1.0385994911193848
katG,0.603361748211853,A,649,T,A649T,INH,3) Uncertain significance,0.019075874,0.5,Unknown,60.2460517378525,315.0,26.41694255168034,-0.8176536560058594
katG,46.451080419571326,G,644,D,G644D,INH,3) Uncertain significance,0.03371931,1.0,Unknown,63.75339025495037,315.0,34.61903783109632,-0.4845495223999023
katG,3.0569260696402125,S,650,F,S650F,INH,3) Uncertain significance,0.038569115,1.0,Unknown,61.06067999948904,315.0,38.08678371297432,-1.8643159866333008
katG,-1.652538432808342,E,651,D,E651D,INH,3) Uncertain significance,0.021787928,0.0,Unknown,54.38299658900748,315.0,23.13284454741382,-1.2138590812683103
katG,484.045257130495,S,652,P,S652P,INH,3) Uncertain significance,0.030107012,1.0,Unknown,54.6372033050741,315.0,33.197952790471106,1.1337995529174805
katG,3.2862147306229303,T,654,N,T654N,INH,3) Uncertain significance,0.022240862,0.0,Unknown,61.602630438967466,315.0,24.234231473312622,4.307045452296734
katG,2.0804915849264205,D,656,A,D656A,INH,3) Uncertain significance,0.031534787,0.0,Unknown,58.97615000150485,315.0,32.79578065715211,1.3893218040466309
katG,5.171904157743313,D,656,G,D656G,INH,3) Uncertain significance,0.029463261,0.0,Unknown,58.97615000150485,315.0,34.61903783109632,-0.4281010627746582
katG,1.5238073590325314,T,654,S,T654S,INH,3) Uncertain significance,0.02406291,0.0,Unknown,61.602630438967466,315.0,17.12767927453449,0.2314591407775879
katG,3.834410608205019,T,654,A,T654A,INH,3) Uncertain significance,0.019799586,0.0,Unknown,61.602630438967466,315.0,26.41694255168034,-0.3270916938781738
katG,25.05481763354624,F,658,L,F658L,INH,3) Uncertain significance,0.024091877,0.0,Unknown,63.459164420909296,315.0,22.8377240877722,2.687528133392334
katG,1.2410642781231047,N,660,H,N660H,INH,3) Uncertain significance,0.04466376,1.0,Unknown,63.46619400909432,315.0,25.720699680937056,-0.1574106216430664
katG,-0.9014939923822852,N,660,A,N660A,INH,3) Uncertain significance,0.03552189,0.0,Unknown,63.46619400909432,315.0,32.72610381995966,1.7728242874145508
katG,9.128272439620105,D,663,G,D663G,INH,3) Uncertain significance,0.034817427,0.0,Unknown,59.1258349708484,315.0,34.61903783109632,1.673784255981445
katG,2.943919710152386,I,666,T,I666T,INH,3) Uncertain significance,0.049216066,1.0,Unknown,59.00544925682711,315.0,31.61668122731128,0.8175675868988037
katG,6.17010999038348,D,663,Y,D663Y,INH,3) Uncertain significance,0.052441042,1.0,Unknown,59.1258349708484,315.0,36.32517153463494,0.3952889442443847
katG,-0.4362577834763215,T,667,I,T667I,INH,3) Uncertain significance,0.035209022,0.0,Unknown,56.57653291780966,315.0,31.61668122731128,-1.2903790473937988
katG,21.050508651814425,L,661,R,L661R,INH,3) Uncertain significance,0.05132586,1.0,Unknown,63.160357226665525,315.0,40.57857118014128,-7.004152208566666
katG,9.533542586113072,W,668,C,W668C,INH,3) Uncertain significance,0.083829954,0.0,Unknown,53.04891589844227,315.0,34.54185018841475,-1.1434621810913086
katG,1.816098997336212,P,672,S,P672S,INH,3) Uncertain significance,0.03347138,0.0,Unknown,52.26141898188376,315.0,33.197952790471106,1.043073654174805
katG,3.795066822393892,D,675,Y,D675Y,INH,3) Uncertain significance,0.0433072,0.6666666666666666,Unknown,64.9457032758904,315.0,36.32517153463494,2.2996346950531006
katG,2.715990815495388,D,675,H,D675H,INH,3) Uncertain significance,0.04799868,0.0,Unknown,64.9457032758904,315.0,29.775078049524573,0.6782732009887695
katG,190.4749260873191,T,677,P,T677P,INH,3) Uncertain significance,0.031545397,1.0,Unknown,71.33819193811965,315.0,34.265110857459,0.072913646697998
katG,5.1069949699967765,Y,678,A,Y678A,INH,3) Uncertain significance,0.052431077,0.0,Unknown,73.18059656083709,315.0,37.40545218280356,2.147500276565552
katG,198.85016169697224,Q,679,P,Q679P,INH,3) Uncertain significance,0.037402414,1.0,Unknown,70.04820380280997,315.0,37.5005576758833,0.0457649230957031
katG,8.479224727876044,Q,679,Y,Q679Y,INH,3) Uncertain significance,0.048712254,0.0,Unknown,70.04820380280997,315.0,29.519770799893536,0.9157915115356444
katG,10.80718058752791,Y,678,L,Y678L,INH,3) Uncertain significance,0.03849372,0.0,Unknown,73.18059656083709,315.0,32.539855157338906,2.0130035877227783
katG,3.743609598099738,S,684,R,S684R,INH,3) Uncertain significance,0.040501334,0.0,Unknown,58.04697833651636,315.0,31.331509629069213,-0.2117719650268554
katG,3.880279441861149,D,682,N,D682N,INH,3) Uncertain significance,0.03533567,0.5,Unknown,64.85399729392168,315.0,20.632582370741144,-0.1159899234771728
katG,-0.2974681198834332,G,683,R,G683R,INH,3) Uncertain significance,0.04406442,1.0,Unknown,61.53150029862754,315.0,44.1492475965258,0.5068325996398926
katG,9.263142061614415,G,685,D,G685D,INH,3) Uncertain significance,0.032930683,0.0,Unknown,54.58477191488483,315.0,34.61903783109632,0.2043170928955078
katG,0.6972371997048867,K,686,E,K686E,INH,3) Uncertain significance,0.04351173,1.0,Unknown,50.4574237649922,315.0,24.435330484711496,-2.361468553543091
katG,2.171947497896781,K,686,T,K686T,INH,3) Uncertain significance,0.03890096,0.0,Unknown,50.4574237649922,315.0,29.637803707829963,-0.7879798412322998
katG,11.605845452540052,V,687,M,V687M,INH,3) Uncertain significance,0.038572643,0.0,Unknown,47.291408078000806,315.0,26.61946259943389,-0.9923551082611084
katG,6.830986888035284,W,689,G,W689G,INH,3) Uncertain significance,0.05129334,0.5,Unknown,50.915759495464656,315.0,51.65976544782065,1.743931770324707
katG,114.74348482083155,T,690,P,T690P,INH,3) Uncertain significance,0.037118018,0.5,Unknown,52.6012215542567,315.0,34.265110857459,2.351620137691498
katG,10.29017397763468,W,689,L,W689L,INH,3) Uncertain significance,0.045819063,0.0,Unknown,50.915759495464656,315.0,33.4396452558813,4.597138404846191
katG,4.6386323387536095,W,689,C,W689C,INH,3) Uncertain significance,0.11247981,1.0,Unknown,50.915759495464656,315.0,34.54185018841475,1.331538200378418
katG,3.2478654929832373,R,693,H,R693H,INH,3) Uncertain significance,0.040110543,1.0,Unknown,53.89235990379341,315.0,26.692906012304967,0.6445207595825195
katG,30.40423703332999,V,697,L,V697L,INH,3) Uncertain significance,0.02261768,1.0,Unknown,45.82467448875115,315.0,21.74847419041692,3.385200023651123
katG,7.800804057885216,S,692,R,S692R,INH,3) Uncertain significance,0.03459991,1.0,Unknown,48.58704941648546,315.0,31.331509629069213,2.7962549328804016
katG,2.6708221139465422,S,700,F,S700F,INH,3) Uncertain significance,0.037803166,0.5,Unknown,53.43650372170694,315.0,38.08678371297432,-5.168538093566895
katG,2.203668826662579,D,695,A,D695A,INH,3) Uncertain significance,0.0492571,1.0,Unknown,47.34621030240964,315.0,32.79578065715211,2.0716705322265625
katG,59.85047826799905,F,698,V,F698V,INH,3) Uncertain significance,0.027156834,1.0,Unknown,47.72595307586848,315.0,23.46929055924925,1.187363624572754
katG,4.776996205774594,L,696,Q,L696Q,INH,3) Uncertain significance,0.07231019,0.0,Unknown,51.28923896881294,315.0,35.62677194633543,-4.732893943786621
katG,307.2474495100007,S,700,P,S700P,INH,3) Uncertain significance,0.03867363,1.0,Unknown,53.43650372170694,315.0,33.197952790471106,-4.477431297302246
katG,5.757685352835324,G,699,E,G699E,INH,3) Uncertain significance,0.038552642,1.0,Unknown,52.5097070073715,315.0,42.48882015717018,-1.498990535736084
katG,0.8885591347338959,R,705,L,R705L,INH,3) Uncertain significance,0.052562885,0.0,Unknown,52.75975300359167,315.0,40.57857118014128,-2.554044246673584
katG,0.4067391346648037,A,706,T,A706T,INH,3) Uncertain significance,0.041393057,1.0,Unknown,59.4837401732608,315.0,26.41694255168034,-1.5824356079101562
katG,9.923948174942325,L,704,S,L704S,INH,3) Uncertain significance,0.039316025,1.0,Unknown,56.21162921495871,315.0,37.32648951510237,-0.4626016616821289
katG,110.06007537605,L,707,P,L707P,INH,3) Uncertain significance,0.05746652,0.0,Unknown,61.94284285532913,315.0,49.27170475166683,4.188580989837647
katG,3.133827876024497,E,709,D,E709D,INH,3) Uncertain significance,0.055014614,1.0,Unknown,63.572079319462254,315.0,23.13284454741382,-1.028209209442139
katG,3.820294565705353,L,707,F,L707F,INH,3) Uncertain significance,0.025413819,0.0,Unknown,61.94284285532913,315.0,22.8377240877722,-0.4830746650695801
katG,3.499133676830297,E,709,G,E709G,INH,3) Uncertain significance,0.045924515,1.0,Unknown,63.572079319462254,315.0,42.48882015717018,-1.3249220848083496
katG,0.9331637700247484,E,709,K,E709K,INH,3) Uncertain significance,0.060733873,1.0,Unknown,63.572079319462254,315.0,24.435330484711496,0.8606705665588379
katG,-1.1851294865264208,V,710,I,V710I,INH,3) Uncertain significance,0.03272366,0.0,Unknown,60.72567052738077,315.0,15.178921907491468,-0.4451723098754883
katG,6.734904344826646,L,707,R,L707R,INH,3) Uncertain significance,0.04699405,0.0,Unknown,61.94284285532913,315.0,40.57857118014128,1.997962951660156
katG,0.4710602442082745,E,709,A,E709A,INH,3) Uncertain significance,0.04265819,1.0,Unknown,63.572079319462254,315.0,28.30103222386084,2.2985641956329346
katG,119.452976726124,A,713,P,A713P,INH,3) Uncertain significance,0.039240528,1.0,Unknown,55.78696465125165,315.0,43.279408841284464,0.4042160511016845
katG,695.2003407217383,G,712,V,G712V,INH,3) Uncertain significance,0.04030787,0.5,Unknown,59.873010764450456,315.0,42.97384860101139,-3.2417231798172
katG,77.5391951006909,A,716,T,A716T,INH,3) Uncertain significance,0.04122921,0.0,Unknown,54.28980675043889,315.0,26.41694255168034,-0.5532379150390625
katG,-8.521885129688599,P,718,S,P718S,INH,3) Uncertain significance,0.037271187,0.0,Unknown,51.53960290883119,315.0,33.197952790471106,2.5082039833068848
katG,83.7390883394637,V,721,L,V721L,INH,3) Uncertain significance,0.03199824,0.0,Unknown,46.881858122305694,315.0,21.74847419041692,0.1273021697998047
katG,2.8804624947829325,D,723,N,D723N,INH,3) Uncertain significance,0.036402866,1.0,Unknown,46.46556494868,315.0,20.632582370741144,3.2987213134765625
katG,-0.2323516413189281,A,726,T,A726T,INH,3) Uncertain significance,0.03778989,0.4444444444444444,Unknown,44.17914391429513,315.0,26.41694255168034,-5.774243457242847
katG,11.303154678295186,F,724,L,F724L,INH,3) Uncertain significance,0.026731221,1.0,Unknown,42.118252421011015,315.0,22.8377240877722,2.3318161964416504
katG,-0.5257784892010022,D,729,N,D729N,INH,3) Uncertain significance,0.030655913,0.0,Unknown,37.997436887242806,315.0,20.632582370741144,1.3929648399353027
katG,12.51884713957952,W,728,C,W728C,INH,3) Uncertain significance,0.080126256,1.0,Unknown,38.0175629676601,315.0,34.54185018841475,1.744511604309082
katG,0.2744723857717872,D,729,G,D729G,INH,3) Uncertain significance,0.032483168,0.5,Unknown,37.997436887242806,315.0,34.61903783109632,0.1890735626220703
katG,22.11280872101452,A,727,T,A727T,INH,3) Uncertain significance,0.02438286,0.0,Unknown,41.43539508680954,315.0,26.41694255168034,-0.9882268905639648
katG,4.171953280201706,W,728,Y,W728Y,INH,3) Uncertain significance,0.03393487,0.0,Unknown,38.0175629676601,315.0,24.285420820414263,1.5930495262145996
katG,9.758809189958356,V,731,G,V731G,INH,3) Uncertain significance,0.03532247,1.0,Unknown,35.00615775831447,315.0,42.97384860101139,-3.525032997131348
katG,9.580473930098378,L,734,R,L734R,INH,3) Uncertain significance,0.027950503,1.0,Unknown,,,40.57857118014128,3.4621071815490723
katG,2.118167350518433,V,739,M,V739M,INH,3) Uncertain significance,0.03347168,0.0,Unknown,,,26.61946259943389,-3.396374225616455
katG,44.03447663726138,V,731,M,V731M,INH,3) Uncertain significance,0.035121873,1.0,Unknown,35.00615775831447,315.0,26.61946259943389,3.5168283879756927
katG,-2.106260010719325,R,740,S,R740S,INH,3) Uncertain significance,0.050143197,0.0,Unknown,,,31.331509629069213,0.2255706787109375
katG,3.357682000222667,D,735,E,D735E,INH,3) Uncertain significance,0.028918315,1.0,Unknown,,,23.13284454741382,0.2653641700744629
katG,6.727452793507382,D,735,N,D735N,INH,3) Uncertain significance,0.032438684,0.0,Unknown,,,20.632582370741144,0.8659539222717285
katG,7.382010676996742,R,736,K,R736K,INH,3) Uncertain significance,0.046419576,0.0,Unknown,,,22.54394404482823,-0.3461017608642578
katG,7.429659562028064,R,736,S,R736S,INH,3) Uncertain significance,0.033696935,0.0,Unknown,,,31.331509629069213,0.3069400787353515
