model,mode,sensitivity,specificity,auc,accuracy,precision_res,recall_res,f1_res,threshold,n_samples,n_test,n_train,dataset,ablation,dropped_cols
logistic,holdout,0.923,0.667,0.808,0.875,0.923,0.923,0.923,0.706,159,32.0,127.0,Essential,keep_all,0
logistic,cv,0.9458461538461538,0.7714285714285715,0.8842490842490843,0.9125,0.9466436781609195,0.9458461538461538,0.9453262032085561,0.601,159,,,Essential,keep_all,0
rf,holdout,0.923,0.833,0.843,0.906,0.96,0.923,0.941,0.81,159,32.0,127.0,Essential,keep_all,0
rf,cv,0.9535384615384614,0.9380952380952381,0.938040293040293,0.95,0.9845925925925926,0.9535384615384614,0.967981517135156,0.73,159,,,Essential,keep_all,0
logistic,holdout,0.829,1.0,0.943,0.842,1.0,0.829,0.906,0.814,186,38.0,148.0,Nonessential,keep_all,0
logistic,cv,0.9117647058823529,0.5833333333333333,0.8397058823529411,0.881792318634424,0.9575893790117928,0.9117647058823529,0.9332533642721831,0.374,186,,,Nonessential,keep_all,0
rf,holdout,0.8,0.667,0.671,0.789,0.966,0.8,0.875,0.935,186,38.0,148.0,Nonessential,keep_all,0
rf,cv,0.8588235294117647,0.4333333333333333,0.7531862745098039,0.8221906116642959,0.9427352941176471,0.8588235294117647,0.8964017039789722,0.86,186,,,Nonessential,keep_all,0
logistic,holdout,0.933,0.889,0.894,0.928,0.982,0.933,0.957,0.644,345,69.0,276.0,Combined,keep_all,0
logistic,cv,0.8824858757062145,0.7488888888888889,0.9133835530445701,0.8637681159420291,0.9569470248780594,0.8824858757062145,0.9178963962961438,0.562,345,,,Combined,keep_all,0
rf,holdout,0.983,0.667,0.92,0.942,0.952,0.983,0.967,0.845,345,69.0,276.0,Combined,keep_all,0
rf,cv,0.9163841807909604,0.7022222222222223,0.9314124293785311,0.8869565217391304,0.9517862571535979,0.9163841807909604,0.9326688582951143,0.78,345,,,Combined,keep_all,0
logistic,holdout,0.885,0.833,0.833,0.875,0.958,0.885,0.92,0.735,159,32.0,127.0,Essential,drop_LLR,10
logistic,cv,0.9067692307692308,0.838095238095238,0.9073260073260073,0.8933467741935484,0.958608695652174,0.9067692307692308,0.9315658263305322,0.618,159,,,Essential,drop_LLR,10
rf,holdout,0.923,0.833,0.827,0.906,0.96,0.923,0.941,0.775,159,32.0,127.0,Essential,drop_LLR,10
rf,cv,0.9378461538461538,0.9380952380952381,0.9393772893772894,0.9372983870967742,0.9845925925925926,0.9378461538461538,0.9594781157746117,0.745,159,,,Essential,drop_LLR,10
logistic,holdout,0.686,1.0,0.914,0.711,1.0,0.686,0.814,0.693,186,38.0,148.0,Nonessential,drop_LLR,10
logistic,cv,0.8176470588235295,0.5166666666666667,0.7470588235294118,0.7907539118065434,0.9452873563218391,0.8176470588235295,0.8767857142857143,0.456,186,,,Nonessential,drop_LLR,10
rf,holdout,0.829,0.667,0.729,0.816,0.967,0.829,0.892,0.94,186,38.0,148.0,Nonessential,drop_LLR,10
rf,cv,0.8882352941176471,0.31666666666666665,0.6987745098039215,0.8386913229018493,0.9334460147695441,0.8882352941176471,0.9089465446242324,0.8,186,,,Nonessential,drop_LLR,10
logistic,holdout,0.95,0.667,0.863,0.913,0.95,0.95,0.95,0.462,345,69.0,276.0,Combined,drop_LLR,10
logistic,cv,0.8791525423728814,0.7866666666666667,0.8881167608286253,0.8666666666666666,0.9630358767068514,0.8791525423728814,0.918011171103443,0.577,345,,,Combined,drop_LLR,10
rf,holdout,0.983,0.667,0.9,0.942,0.952,0.983,0.967,0.845,345,69.0,276.0,Combined,drop_LLR,10
rf,cv,0.9398305084745763,0.6844444444444445,0.9094067796610169,0.9043478260869566,0.9504304467173131,0.9398305084745763,0.943703838661321,0.715,345,,,Combined,drop_LLR,10
logistic,holdout,0.923,0.833,0.891,0.906,0.96,0.923,0.941,0.779,159,32.0,127.0,Essential,drop_Rosetta,6
logistic,cv,0.9529230769230768,0.738095238095238,0.8994945054945056,0.9125,0.9399815965033357,0.9529230769230768,0.945737246680643,0.506,159,,,Essential,drop_Rosetta,6
rf,holdout,0.962,0.833,0.833,0.938,0.962,0.962,0.962,0.83,159,32.0,127.0,Essential,drop_Rosetta,6
rf,cv,0.9458461538461538,0.9047619047619048,0.938040293040293,0.9375,0.9777142857142858,0.9458461538461538,0.9593944282204607,0.725,159,,,Essential,drop_Rosetta,6
logistic,holdout,0.6,1.0,0.876,0.632,1.0,0.6,0.75,0.871,186,38.0,148.0,Nonessential,drop_Rosetta,6
logistic,cv,0.7999999999999999,0.4999999999999999,0.7666666666666666,0.7738264580369844,0.946607024452293,0.7999999999999999,0.8632424395727183,0.452,186,,,Nonessential,drop_Rosetta,6
rf,holdout,0.657,0.333,0.595,0.632,0.92,0.657,0.767,0.93,186,38.0,148.0,Nonessential,drop_Rosetta,6
rf,cv,0.8411764705882353,0.3666666666666666,0.6700980392156863,0.8005689900426743,0.9367719426542955,0.8411764705882353,0.8836027192868828,0.855,186,,,Nonessential,drop_Rosetta,6
logistic,holdout,0.95,0.778,0.93,0.928,0.966,0.95,0.958,0.572,345,69.0,276.0,Combined,drop_Rosetta,6
logistic,cv,0.8355367231638418,0.7688888888888888,0.9116698053986187,0.826086956521739,0.9578233618233618,0.8355367231638418,0.8923625402572771,0.603,345,,,Combined,drop_Rosetta,6
rf,holdout,0.95,0.778,0.916,0.928,0.966,0.95,0.958,0.835,345,69.0,276.0,Combined,drop_Rosetta,6
rf,cv,0.9296610169491526,0.74,0.9050251098556183,0.9043478260869564,0.9589392155459715,0.9296610169491526,0.943617192472062,0.735,345,,,Combined,drop_Rosetta,6
logistic,holdout,0.346,0.833,0.686,0.438,0.9,0.346,0.5,0.717,159,32.0,127.0,Essential,drop_Proximity,1
logistic,cv,0.672923076923077,0.49523809523809526,0.5807326007326008,0.6352822580645161,0.8523287385129489,0.672923076923077,0.7445605876152918,0.495,159,,,Essential,drop_Proximity,1
rf,holdout,0.385,0.833,0.76,0.469,0.909,0.385,0.541,0.835,159,32.0,127.0,Essential,drop_Proximity,1
rf,cv,0.664923076923077,0.5523809523809524,0.645010989010989,0.6425403225806452,0.8591934381408066,0.664923076923077,0.7485836627140976,0.8,159,,,Essential,drop_Proximity,1
logistic,holdout,0.743,1.0,0.914,0.763,1.0,0.743,0.852,0.873,186,38.0,148.0,Nonessential,drop_Proximity,1
logistic,cv,0.9176470588235294,0.5833333333333333,0.8259803921568627,0.8873399715504979,0.9584121507840674,0.9176470588235294,0.9368174497373453,0.356,186,,,Nonessential,drop_Proximity,1
rf,holdout,0.714,0.667,0.614,0.711,0.962,0.714,0.82,0.945,186,38.0,148.0,Nonessential,drop_Proximity,1
rf,cv,0.8705882352941176,0.24999999999999994,0.7068627450980391,0.8170697012802275,0.9253535816187128,0.8705882352941176,0.8964221555441924,0.845,186,,,Nonessential,drop_Proximity,1
logistic,holdout,0.783,0.556,0.713,0.754,0.922,0.783,0.847,0.492,345,69.0,276.0,Combined,drop_Proximity,1
logistic,cv,0.7287005649717513,0.58,0.700797237915882,0.7072463768115942,0.9192528583927734,0.7287005649717513,0.8079447227598461,0.557,345,,,Combined,drop_Proximity,1
rf,holdout,0.767,0.556,0.746,0.739,0.92,0.767,0.836,0.855,345,69.0,276.0,Combined,drop_Proximity,1
rf,cv,0.8528248587570622,0.4533333333333333,0.764353421217828,0.7971014492753623,0.9083965516030974,0.8528248587570622,0.8774613831261006,0.775,345,,,Combined,drop_Proximity,1
logistic,holdout,0.885,0.833,0.833,0.875,0.958,0.885,0.92,0.685,159,32.0,127.0,Essential,drop_AAIndex,8
logistic,cv,0.8984615384615384,0.8714285714285713,0.9146593406593407,0.892741935483871,0.9675244755244755,0.8984615384615384,0.9308489929523365,0.64,159,,,Essential,drop_AAIndex,8
rf,holdout,0.923,0.833,0.83,0.906,0.96,0.923,0.941,0.835,159,32.0,127.0,Essential,drop_AAIndex,8
rf,cv,0.9535384615384614,0.9380952380952381,0.9423882783882785,0.95,0.9845925925925926,0.9535384615384614,0.967981517135156,0.755,159,,,Essential,drop_AAIndex,8
logistic,holdout,0.857,0.667,0.895,0.842,0.968,0.857,0.909,0.583,186,38.0,148.0,Nonessential,drop_AAIndex,8
logistic,cv,0.8647058823529411,0.6833333333333333,0.8323529411764706,0.84950213371266,0.9677441077441078,0.8647058823529411,0.9119881903907473,0.416,186,,,Nonessential,drop_AAIndex,8
rf,holdout,0.886,0.667,0.705,0.868,0.969,0.886,0.925,0.91,186,38.0,148.0,Nonessential,drop_AAIndex,8
rf,cv,0.8882352941176471,0.4833333333333333,0.7767156862745098,0.8544807965860597,0.9507896896132191,0.8882352941176471,0.916443868400649,0.835,186,,,Nonessential,drop_AAIndex,8
logistic,holdout,0.933,0.778,0.881,0.913,0.966,0.933,0.949,0.533,345,69.0,276.0,Combined,drop_AAIndex,8
logistic,cv,0.892316384180791,0.7666666666666666,0.906629001883239,0.8753623188405797,0.960261562998405,0.892316384180791,0.9243777342469425,0.556,345,,,Combined,drop_AAIndex,8
rf,holdout,0.983,0.667,0.818,0.942,0.952,0.983,0.967,0.825,345,69.0,276.0,Combined,drop_AAIndex,8
rf,cv,0.9396610169491526,0.7466666666666666,0.9093848085373508,0.9130434782608697,0.9594159598619901,0.9396610169491526,0.9487820684835546,0.71,345,,,Combined,drop_AAIndex,8
logistic,holdout,0.923,0.833,0.897,0.906,0.96,0.923,0.941,0.678,159,32.0,127.0,Essential,drop_LLR_Rosetta,16
logistic,cv,0.952923076923077,0.838095238095238,0.922,0.9310483870967742,0.9625661375661376,0.952923076923077,0.9569453072633666,0.674,159,,,Essential,drop_LLR_Rosetta,16
rf,holdout,0.962,0.833,0.885,0.938,0.962,0.962,0.962,0.691,159,32.0,127.0,Essential,drop_LLR_Rosetta,16
rf,cv,0.9304615384615385,0.9047619047619048,0.9499413919413919,0.925,0.9765925925925926,0.9304615384615385,0.9503747526902476,0.735,159,,,Essential,drop_LLR_Rosetta,16
logistic,holdout,0.457,1.0,0.833,0.5,1.0,0.457,0.627,0.7,186,38.0,148.0,Nonessential,drop_LLR_Rosetta,16
logistic,cv,0.6470588235294118,0.6333333333333333,0.7002450980392156,0.6453769559032716,0.9491143317230273,0.6470588235294118,0.7677627584443806,0.558,186,,,Nonessential,drop_LLR_Rosetta,16
rf,holdout,0.686,0.667,0.714,0.684,0.96,0.686,0.8,0.985,186,38.0,148.0,Nonessential,drop_LLR_Rosetta,16
rf,cv,0.8176470588235294,0.2,0.592156862745098,0.7635846372688478,0.9151986260454003,0.8176470588235294,0.8628505101455921,0.75,186,,,Nonessential,drop_LLR_Rosetta,16
logistic,holdout,0.983,0.667,0.845,0.942,0.952,0.983,0.967,0.502,345,69.0,276.0,Combined,drop_LLR_Rosetta,16
logistic,cv,0.8963276836158192,0.7466666666666668,0.8729535467671061,0.8753623188405797,0.9575517578064268,0.8963276836158192,0.9247386693236497,0.614,345,,,Combined,drop_LLR_Rosetta,16
rf,holdout,0.933,0.556,0.859,0.884,0.933,0.933,0.933,0.722,345,69.0,276.0,Combined,drop_LLR_Rosetta,16
rf,cv,0.9531638418079096,0.5955555555555556,0.8299560577526679,0.9043478260869564,0.937349980729414,0.9531638418079096,0.9450087153137913,0.652,345,,,Combined,drop_LLR_Rosetta,16
logistic,holdout,0.808,0.5,0.705,0.75,0.875,0.808,0.84,0.45,159,32.0,127.0,Essential,drop_LLR_Rosetta_Proximity,17
logistic,cv,0.34923076923076923,0.5476190476190477,0.532904761904762,0.38891129032258065,0.8074999999999999,0.34923076923076923,0.4515901589072321,0.558,159,,,Essential,drop_LLR_Rosetta_Proximity,17
rf,holdout,0.346,0.833,0.673,0.438,0.9,0.346,0.5,0.926,159,32.0,127.0,Essential,drop_LLR_Rosetta_Proximity,17
rf,cv,0.4064615384615385,0.48571428571428577,0.5256703296703297,0.4219758064516129,0.7765309200603319,0.4064615384615385,0.5298313314592384,0.633,159,,,Essential,drop_LLR_Rosetta_Proximity,17
logistic,holdout,0.371,1.0,0.624,0.421,1.0,0.371,0.542,0.647,186,38.0,148.0,Nonessential,drop_LLR_Rosetta_Proximity,17
logistic,cv,0.6235294117647059,0.45,0.6181372549019608,0.6079658605974396,0.9245019348467624,0.6235294117647059,0.7386580086580088,0.472,186,,,Nonessential,drop_LLR_Rosetta_Proximity,17
rf,holdout,0.629,0.333,0.562,0.605,0.917,0.629,0.746,0.824,186,38.0,148.0,Nonessential,drop_LLR_Rosetta_Proximity,17
rf,cv,0.5058823529411764,0.3833333333333333,0.4909313725490196,0.49459459459459465,0.8936507936507937,0.5058823529411764,0.6318528944992458,0.688,186,,,Nonessential,drop_LLR_Rosetta_Proximity,17
logistic,holdout,0.8,0.333,0.556,0.739,0.889,0.8,0.842,0.465,345,69.0,276.0,Combined,drop_LLR_Rosetta_Proximity,17
logistic,cv,0.6236723163841809,0.5311111111111111,0.6169020715630885,0.6115942028985507,0.8940567216391804,0.6236723163841809,0.7297918810749,0.493,345,,,Combined,drop_LLR_Rosetta_Proximity,17
rf,holdout,0.783,0.222,0.511,0.71,0.87,0.783,0.825,0.507,345,69.0,276.0,Combined,drop_LLR_Rosetta_Proximity,17
rf,cv,0.6075141242937854,0.4688888888888889,0.5811581920903955,0.5884057971014492,0.8795316949846038,0.6075141242937854,0.7175493250721634,0.552,345,,,Combined,drop_LLR_Rosetta_Proximity,17
logistic,holdout,0.923,0.833,0.968,0.906,0.96,0.923,0.941,0.757,159,32.0,127.0,Essential,drop_LLR_Rosetta_AAIndex,24
logistic,cv,0.9612307692307691,0.9380952380952381,0.9757362637362638,0.95625,0.9845925925925926,0.9612307692307691,0.9722264150943396,0.65,159,,,Essential,drop_LLR_Rosetta_AAIndex,24
rf,holdout,0.923,0.833,0.811,0.906,0.96,0.923,0.941,0.948,159,32.0,127.0,Essential,drop_LLR_Rosetta_AAIndex,24
rf,cv,0.9766153846153847,0.8714285714285716,0.9452454212454213,0.95625,0.9700219780219779,0.9766153846153847,0.9729787162728339,0.625,159,,,Essential,drop_LLR_Rosetta_AAIndex,24
logistic,holdout,0.886,0.667,0.757,0.868,0.969,0.886,0.925,0.519,186,38.0,148.0,Nonessential,drop_LLR_Rosetta_AAIndex,24
logistic,cv,0.7470588235294118,0.4833333333333334,0.7382352941176471,0.7258890469416786,0.9415989782886335,0.7470588235294118,0.8322152979002103,0.528,186,,,Nonessential,drop_LLR_Rosetta_AAIndex,24
rf,holdout,0.886,0.667,0.814,0.868,0.969,0.886,0.925,0.699,186,38.0,148.0,Nonessential,drop_LLR_Rosetta_AAIndex,24
rf,cv,0.9647058823529411,0.2333333333333333,0.4137254901960784,0.9031294452347085,0.9320448179271708,0.9647058823529411,0.9479868469126782,0.665,186,,,Nonessential,drop_LLR_Rosetta_AAIndex,24
logistic,holdout,0.933,0.667,0.863,0.899,0.949,0.933,0.941,0.64,345,69.0,276.0,Combined,drop_LLR_Rosetta_AAIndex,24
logistic,cv,0.8355367231638418,0.8288888888888888,0.9008223477715003,0.8347826086956521,0.9690924902105026,0.8355367231638418,0.8963322155151762,0.713,345,,,Combined,drop_LLR_Rosetta_AAIndex,24
rf,holdout,0.967,0.667,0.788,0.928,0.951,0.967,0.959,0.75,345,69.0,276.0,Combined,drop_LLR_Rosetta_AAIndex,24
rf,cv,0.9563276836158192,0.6866666666666665,0.8296955430006276,0.9188405797101449,0.9506763694742408,0.9563276836158192,0.9530335563828048,0.59,345,,,Combined,drop_LLR_Rosetta_AAIndex,24
