,residue,summed
1,1,14.0
5,5,1.0
9,9,8.0
10,10,4.0
11,11,1.0
12,12,2.0
13,13,1.0
14,14,1.0
15,15,3.0
16,16,2.0
17,17,8.0
18,18,3.0
19,19,2.0
20,20,3.0
21,21,6.0
22,22,4.0
23,23,3.0
24,24,5.0
25,25,1.0
27,27,2.0
28,28,2.0
31,31,2.0
32,32,5.0
33,33,2.0
34,34,2.0
35,35,3.0
36,36,2.0
38,38,1.0
40,40,1.0
42,42,11.0
43,43,11.0
44,44,5.0
45,45,6.0
46,46,1.0
47,47,1.0
48,48,1.0
49,49,1.0
50,50,3.0
51,51,8.0
52,52,1.0
53,53,1.0
54,54,3.0
55,55,4.0
56,56,12.0
57,57,5.0
58,58,2.0
59,59,4.0
60,60,4.0
61,61,9.0
62,62,8.0
64,64,2.0
65,65,3.0
66,66,3.0
69,69,11.0
70,70,1.0
71,71,3.0
73,73,2.0
74,74,4.0
76,76,3.0
77,77,1.0
78,78,2.0
79,79,1.0
80,80,2.0
82,82,4.0
84,84,2.0
85,85,2.0
86,86,1.0
88,88,6.0
89,89,5.0
90,90,1.0
92,92,4.0
94,94,6.0
96,96,1.0
97,97,1.0
99,99,1.0
100,100,1.0
101,101,1.0
102,102,9.0
103,103,1.0
105,105,1.0
107,107,1.0
109,109,2.0
110,110,4.0
111,111,1.0
112,112,2.0
114,114,2.0
116,116,7.0
117,117,2.0
118,118,3.0
119,119,1.0
121,121,1.0
123,123,3.0
129,129,2.0
130,130,1.0
131,131,6.0
132,132,1.0
134,134,6.0
135,135,1.0
136,136,2.0
137,137,12.0
138,138,2.0
139,139,9.0
140,140,6.0
141,141,1.0
143,143,3.0
145,145,1.0
147,147,12.0
149,149,4.0
152,152,2.0
153,153,1.0
155,155,1.0
157,157,1.0
159,159,1.0
160,160,2.0
161,161,2.0
163,163,3.0
164,164,4.0
165,165,11.0
166,166,4.0
167,167,6.0
170,170,1.0
174,174,2.0
176,176,1.0
177,177,1.0
178,178,1.0
179,179,2.0
181,181,1.0
182,182,4.0
183,183,1.0
184,184,4.0
185,185,1.0
186,186,7.0
187,187,1.0
188,188,1.0
189,189,8.0
190,190,4.0
191,191,1.0
192,192,18.0
193,193,1.0
194,194,2.0
196,196,2.0
197,197,2.0
198,198,1.0
199,199,1.0
200,200,3.0
202,202,5.0
203,203,1.0
204,204,4.0
205,205,4.0
206,206,5.0
207,207,18.0
208,208,5.0
209,209,2.0
210,210,1.0
211,211,7.0
212,212,2.0
213,213,2.0
214,214,1.0
215,215,3.0
216,216,1.0
219,219,2.0
221,221,3.0
222,222,2.0
223,223,1.0
224,224,1.0
225,225,5.0
227,227,2.0
228,228,1.0
229,229,4.0
230,230,3.0
232,232,1.0
235,235,1.0
237,237,1.0
238,238,1.0
239,239,8.0
240,240,5.0
241,241,1.0
242,242,5.0
243,243,1.0
244,244,4.0
246,246,7.0
247,247,2.0
248,248,3.0
249,249,1.0
250,250,2.0
251,251,1.0
252,252,3.0
253,253,3.0
254,254,14.0
255,255,3.0
256,256,10.0
257,257,6.0
259,259,3.0
260,260,4.0
261,261,3.0
262,262,1.0
263,263,4.0
264,264,4.0
266,266,2.0
269,269,2.0
270,270,2.0
271,271,1.0
272,272,1.0
274,274,1.0
276,276,4.0
279,279,4.0
280,280,1.0
281,281,16.0
282,282,2.0
284,284,8.0
285,285,2.0
286,286,3.0
287,287,1.0
288,288,3.0
289,289,1.0
290,290,1.0
291,291,1.0
292,292,1.0
293,293,1.0
294,294,7.0
299,299,2.0
301,301,3.0
302,302,7.0
304,304,2.0
305,305,1.0
307,307,1.0
309,309,3.0
310,310,2.0
312,312,2.0
314,314,23.0
319,319,2.0
320,320,1.0
322,322,1.0
323,323,2.0
325,325,1.0
329,329,2.0
334,334,2.0
335,335,1.0
337,337,2.0
338,338,2.0
339,339,3.0
340,340,1.0
341,341,10.0
342,342,13.0
343,343,4.0
344,344,4.0
345,345,1.0
347,347,6.0
348,348,4.0
349,349,1.0
350,350,1.0
351,351,1.0
352,352,2.0
353,353,1.0
354,354,1.0
355,355,3.0
356,356,1.0
357,357,3.0
358,358,1.0
359,359,5.0
360,360,4.0
362,362,2.0
365,365,1.0
366,366,4.0
368,368,1.0
370,370,2.0
371,371,1.0
372,372,2.0
373,373,3.0
374,374,4.0
375,375,6.0
376,376,4.0
378,378,9.0
379,379,5.0
381,381,1.0
382,382,2.0
383,383,4.0
384,384,2.0
385,385,4.0
386,386,2.0
387,387,2.0
389,389,3.0
390,390,2.0
391,391,14.0
392,392,2.0
393,393,1.0
395,395,3.0
396,396,2.0
397,397,4.0
398,398,1.0
399,399,5.0
400,400,1.0
401,401,1.0
402,402,1.0
403,403,8.0
404,404,2.0
405,405,3.0
406,406,1.0
408,408,4.0
409,409,4.0
410,410,1.0
413,413,1.0
414,414,2.0
415,415,1.0
416,416,1.0
417,417,1.0
418,418,1.0
419,419,2.0
421,421,2.0
422,422,1.0
423,423,1.0
425,425,1.0
426,426,1.0
427,427,1.0
430,430,2.0
431,431,4.0
432,432,1.0
433,433,1.0
435,435,1.0
438,438,1.0
440,440,9.0
441,441,2.0
442,442,2.0
443,443,1.0
445,445,1.0
446,446,4.0
447,447,9.0
448,448,3.0
449,449,1.0
450,450,5.0
452,452,2.0
453,453,3.0
454,454,11.0
455,455,10.0
456,456,3.0
457,457,1.0
459,459,1.0
461,461,2.0
462,462,2.0
463,463,2.0
464,464,3.0
466,466,1.0
469,469,5.0
470,470,2.0
471,471,1.0
474,474,1.0
476,476,2.0
477,477,2.0
478,478,2.0
479,479,1.0
480,480,1.0
482,482,1.0
