,residue,G_score
0,1,-31.65260329110675
1,2,25.008890881822275
2,3,-12.087321720778137
3,4,-20.29323700365836
4,5,-20.59185047755628
5,6,-18.79269000567073
6,7,-6.956505795328518
7,8,17.20159827294178
8,9,19.176190942459286
9,10,41.5392726223622
10,11,42.921975317316516
11,12,35.03593721151892
12,13,53.38491232709732
13,14,64.1931957565433
14,15,63.16918841547761
15,16,65.63514700558896
16,17,36.321828472853234
17,18,55.78369051912251
18,19,50.31128479247837
19,20,46.00867740226946
20,21,36.32796119794025
21,22,38.433992891310275
22,23,27.974598030078706
23,24,14.889286743361804
24,25,19.035346816864156
25,26,9.189566141180867
26,27,-7.853513763645001
27,28,-10.133368489341215
28,29,-13.929714921619757
29,30,-14.479548070678012
30,31,-9.321018624010842
31,32,5.397466847975053
32,33,13.926196003053315
33,34,21.628064232749573
34,35,7.587462651707152
35,36,13.613975942614784
36,37,5.895118377947927
37,38,0.8492032269055182
38,39,-6.266696175451522
39,40,1.746736789860148
40,41,51.59247531143223
41,42,51.66791114848195
42,43,65.21334495143724
43,44,88.74026523007437
44,45,60.51558578531205
45,46,40.78630875105954
46,47,40.95391474444024
47,48,47.7229344335149
48,49,22.253972220028977
49,50,60.70525402389765
50,51,20.80026253564579
51,52,51.494159422357306
52,53,44.16690079915368
53,54,46.99349405405246
54,55,80.57770125258203
55,56,57.131757948866316
56,57,79.40973352811503
57,58,65.79468363810281
58,59,46.856628152552474
59,60,51.92774854431479
60,61,61.658470660869476
61,62,64.60236174803953
62,63,65.73234541466627
63,64,38.409815770546764
64,65,23.314769724306768
65,66,28.585132406755285
66,67,22.12786071727347
67,68,35.0308344043985
68,69,-2.5937871940469384
69,70,38.357109390878776
70,71,6.839971140219311
71,72,10.733890161032571
72,73,17.379801858665942
73,74,15.901041940600239
74,75,37.19004939387337
75,76,26.1501835452365
76,77,27.831114067770812
77,78,22.868484869722007
78,79,18.650529018628347
79,80,12.751600744806364
80,81,46.734287491422165
81,82,12.616697099844416
82,83,19.7442457775066
83,84,19.00558537979883
84,85,32.94461213728398
85,86,9.905323956021114
86,87,18.975278059547833
87,88,15.827922350133612
88,89,18.180763902562543
89,90,11.698855535329976
90,91,10.310557461833096
91,92,7.927036348919896
92,93,25.607900856643226
93,94,9.629228723703635
94,95,14.1689708185062
95,96,-6.4757698959207195
96,97,-2.907575202022586
97,98,4.954884238445235
98,99,-12.488586396269449
99,100,-2.6578328039110417
100,101,3.423494627479735
101,102,-23.564557101921494
102,103,1.804213726892208
103,104,-4.600616628940861
104,105,-27.27705048347522
105,106,-17.293110538989385
106,107,-13.435987319147065
107,108,-8.729159216183827
108,109,-3.743718816380544
109,110,-15.761445343816938
110,111,-2.5395176775903683
111,112,-18.247786427431993
112,113,-11.787122796046884
113,114,-22.298945773858225
114,115,6.375322001708316
115,116,-10.938604649053401
116,117,1.143184859889483
117,118,-13.073263847145867
118,119,-22.716651125805022
119,120,-21.243762476376713
120,121,-28.09600941333825
121,122,-14.833950896218564
122,123,-29.92581155144274
123,124,-18.184656548540804
124,125,-30.24003391530468
125,126,-32.29751310968731
126,127,-28.158634808860764
127,128,-19.115191751152672
128,129,-18.73698983369158
129,130,-1.667372786277532
130,131,-15.668875079937857
131,132,-3.3504174518049177
132,133,7.56413561235767
133,134,-6.63489747371995
134,135,39.204622470085255
135,136,50.205063434632095
136,137,39.70058975625172
137,138,90.20112394947199
138,139,63.78345467982747
139,140,72.7664170485473
140,141,60.4085514657092
141,142,32.85303272694733
142,143,38.33422527312268
143,144,14.39029103925274
144,145,14.223467662221454
145,146,63.21098018369995
146,147,29.306762674999952
147,148,62.33917360168789
148,149,18.259053884459647
149,150,4.5003650802072945
150,151,3.1410260692549943
151,152,-28.49126491770088
152,153,-30.90311821544665
153,154,-25.772585997171745
154,155,-33.649386600029395
155,156,-32.20374792564952
156,157,-40.03465052832309
157,158,-30.755154457336815
158,159,-27.844465274522975
159,160,-20.607483989888177
160,161,-15.745753773832542
161,162,17.762468814096025
162,163,42.275748782780674
163,164,71.36683299699142
164,165,33.21433412962901
165,166,50.04787740394016
166,167,17.640810323127685
167,168,11.114289636315222
168,169,-8.210657856438326
169,170,-22.448792584354646
170,171,-14.107635327721253
171,172,-25.238356214575326
172,173,-9.721016775156304
173,174,-28.87815176196684
174,175,-19.099044134378133
175,176,-26.96326795090557
176,177,-23.992222672572435
177,178,-8.64863998811114
178,179,-7.961058520549321
179,180,32.214105028508
180,181,33.517590728593866
181,182,42.05077322096522
182,183,74.43666226800569
183,184,52.921628291635265
184,185,86.56487070370854
185,186,55.6119585897851
186,187,71.19684298767095
187,188,72.80588893944868
188,189,53.089899112309105
189,190,58.795838915483586
190,191,79.60899464944276
191,192,5.896049331895029
192,193,69.64454018934919
193,194,15.361249668902968
194,195,18.78314503395323
195,196,9.807745611221714
196,197,1.6779355404000906
197,198,-9.968955731489322
198,199,-7.500986034795932
199,200,-25.529520218356378
200,201,-0.17483762784517953
201,202,-5.9932885766928745
202,203,18.84305679228237
203,204,37.62330498602896
204,205,34.48347872235452
205,206,110.29768641826615
206,207,55.84704759303501
207,208,102.8311732331658
208,209,76.73543122692755
209,210,68.86452212245814
210,211,40.54314916478314
211,212,52.471621066348064
212,213,28.406764723201867
213,214,14.654083002121132
214,215,3.953571024886773
215,216,0.8435780921784175
216,217,-2.209398344963035
217,218,-4.751466274099696
218,219,-5.513217414053024
219,220,4.585345674084173
220,221,-4.4885918318603535
221,222,3.707031571987159
222,223,-5.863435119787314
223,224,2.640943853115104
224,225,-11.8577690535112
225,226,10.752812587460738
226,227,-11.632840927130816
227,228,5.255435862538065
228,229,-5.128932868538156
229,230,-7.1789370263189065
230,231,-0.6109177603689417
231,232,-13.240765778181663
232,233,-8.862255646139818
233,234,-4.75410157088412
234,235,14.491869624803803
235,236,5.572465738503908
236,237,3.2765877617311916
237,238,29.482021829910114
238,239,26.193553972880263
239,240,25.230017047679134
240,241,33.6451673698989
241,242,26.305502434116335
242,243,48.51637997659428
243,244,18.75389367820397
244,245,46.295710663176315
245,246,29.353561660753225
246,247,40.37924690240838
247,248,25.919751984967572
248,249,36.673804085851394
249,250,31.50006009165915
250,251,40.73297968853149
251,252,44.64478718308427
252,253,73.29588102140686
253,254,30.352713187021067
254,255,95.40342561619991
255,256,46.088614008322175
256,257,54.44462541604869
257,258,52.653651532067
258,259,34.063346650669004
259,260,43.12657777893741
260,261,40.28174232284675
261,262,30.823543772847557
262,263,18.995510925317497
263,264,21.11403201032027
264,265,28.858396316615252
265,266,-1.4187824724029996
266,267,6.6338374223122685
267,268,13.38796745764227
268,269,-5.895601674696493
269,270,-5.517047984332663
270,271,-6.903517081394807
271,272,-2.2588246976579396
272,273,-7.7920928253879325
273,274,-14.207976164069283
274,275,6.24536286168326
275,276,-0.928267995496468
276,277,32.37640060675821
277,278,27.21191403630545
278,279,25.360942955495265
279,280,89.23665383029801
280,281,34.531161864544345
281,282,69.51288750024892
282,283,61.87525293501554
283,284,31.331489643170396
284,285,65.20152436890193
285,286,41.41754399574702
286,287,43.67162636037492
287,288,36.64830621370016
288,289,39.89330723547181
289,290,25.85214515179775
290,291,32.27178340424419
291,292,53.0496701503664
292,293,59.811174145219354
293,294,33.03195081881249
294,295,51.77492268850229
295,296,18.313707036999535
296,297,4.612078559827699
297,298,-7.871887914709902
298,299,-7.476728201314793
299,300,24.986171426900086
300,301,30.33216337491825
301,302,0.14556240846939938
302,303,13.284388110159309
303,304,-2.583548369142762
304,305,3.168851799156877
305,306,-9.946374916982608
306,307,-18.307232936714417
307,308,-8.908255457033793
308,309,-11.61768328234345
309,310,7.203757389379467
310,311,12.675519984859763
311,312,36.07959614334156
312,313,92.08852706832351
313,314,24.74215677636581
314,315,91.8479088094746
315,316,11.47781164855929
316,317,-8.839560903871543
317,318,-21.10365554329989
318,319,-35.65577786027272
319,320,-24.755424146687645
320,321,-36.43302731261129
321,322,-35.78028327970667
322,323,-38.03163249142415
323,324,-29.438368293945523
324,325,-29.755517901417683
325,326,-32.39823162627851
326,327,-19.161595577878
327,328,-14.493158671575522
328,329,-18.880111223811195
329,330,-21.731699868115054
330,331,-24.63384967846259
331,332,-36.42631172945751
332,333,-16.900498417602062
333,334,-30.331263343460527
334,335,-26.746410581233633
335,336,-25.079304108396876
336,337,-23.386477998401226
337,338,-10.535229725751398
338,339,19.272202838047065
339,340,59.96881075013026
340,341,67.79649856873142
341,342,67.74790098240538
342,343,96.47030492755171
343,344,58.8376940820225
344,345,36.491156296297724
345,346,41.632874703653854
346,347,21.158458139807408
347,348,33.2652206681507
348,349,21.616990045521728
349,350,14.471993389090601
350,351,7.50187243717273
351,352,-7.78916885204256
352,353,-8.475897555021682
353,354,-1.9759945406870276
354,355,-9.853078323604029
355,356,10.043878821851132
356,357,-11.48584049072186
357,358,9.189764141112384
358,359,-4.601143995371645
359,360,-3.804169362935533
360,361,7.971255589600602
361,362,-13.576758594100173
362,363,5.751786018601798
363,364,-3.2533265186373423
364,365,0.40523603498860056
365,366,-3.9524715975419387
366,367,11.676208479507512
367,368,12.644201548407805
368,369,2.2244890925076204
369,370,-4.6345375227561965
370,371,17.515647795077854
371,372,4.813806584693367
372,373,6.23047085178296
373,374,20.924971136486946
374,375,8.669535191397863
375,376,8.617047217664917
376,377,33.41406838058772
377,378,-2.920355166436576
378,379,7.880435846808362
379,380,19.004600092735544
380,381,12.444046671141782
381,382,28.456506893390234
382,383,47.276163399537694
383,384,51.36387214227859
384,385,41.424809118395096
385,386,31.590026699672585
386,387,22.37130151847962
387,388,36.992627070118246
388,389,42.09451480080862
389,390,92.85278519570534
390,391,49.98897445557919
391,392,81.23767722781402
392,393,46.2582743419496
393,394,34.49135898117828
394,395,38.79745790191492
395,396,40.741001752242745
396,397,9.082011833716011
397,398,29.26382929140905
398,399,18.94588922633691
399,400,23.418099467928652
400,401,-2.339269233957815
401,402,17.360038765806763
402,403,-2.7273841196033493
403,404,9.041111135132695
404,405,-10.691222840170855
405,406,-6.766135390157024
406,407,-3.585211428652648
407,408,-20.719445479543364
408,409,-18.574249223847136
409,410,-19.625587661552515
410,411,-21.987544911927248
411,412,-23.109263299368525
412,413,-23.479904471754985
413,414,-26.141695600032623
414,415,-14.91038140515251
415,416,-15.609199831177882
416,417,-8.82481451356128
417,418,-6.261756793523398
418,419,-1.143744924608006
419,420,4.040241157629126
420,421,-13.377504216994181
421,422,-3.127123526372004
422,423,-16.374284970730763
423,424,-13.725813204630091
424,425,-16.472888792182076
425,426,-8.427147803702768
426,427,-13.984252543917881
427,428,-11.584890493926506
428,429,1.4166741875109699
429,430,8.730109489925717
430,431,14.787378015677831
431,432,23.585196058272853
432,433,4.9716573218957105
433,434,17.49062716102156
434,435,16.522264070178053
435,436,25.075003387759644
436,437,29.79669795183724
437,438,33.92446995494443
438,439,38.46460396198585
439,440,3.564389308174313
440,441,60.194797395590044
441,442,14.992603363300187
442,443,8.922068600095091
443,444,4.067498876563318
444,445,11.738267839231586
445,446,29.06833507662875
446,447,13.086779678803921
447,448,20.31469577681111
448,449,19.28306705668932
449,450,-2.9693218894587634
450,451,10.626100111162337
451,452,8.561918484229155
452,453,33.29672214494541
453,454,18.837173451550395
454,455,18.18733786718597
455,456,30.236182313013604
456,457,16.63972410329948
457,458,5.711239959415132
458,459,5.7736454917114095
459,460,9.87009470252429
460,461,12.97941310827931
461,462,9.845914751203624
462,463,2.5521206678663573
463,464,-6.9768790320365754
464,465,8.023333115986183
465,466,-13.25573357164271
466,467,-7.239862530715811
467,468,4.090687472262072
468,469,-3.184116274915681
469,470,-1.5027942753526664
470,471,-15.85812049960849
471,472,-20.599900042497655
472,473,-19.94686914809107
473,474,-25.06963036690178
474,475,-12.629759388938862
475,476,-12.444114244447958
476,477,-4.21783955073691
477,478,-15.588014911863642
478,479,-17.531287515015222
479,480,-24.68370026423003
480,481,-21.99742773884757
481,482,-30.067094298164953
