gene,one_letter_mutation,confidence_2021,confidence_2023
Rv0678,L32S,3) Uncertain significance,2) Assoc w R - Interim
Rv0678,A36V,3) Uncertain significance,2) Assoc w R - Interim
Rv0678,C46R,3) Uncertain significance,2) Assoc w R - Interim
Rv0678,N70D,3) Uncertain significance,2) Assoc w R - Interim
Rv0678,I67S,3) Uncertain significance,2) Assoc w R - Interim
Rv0678,L117R,3) Uncertain significance,1) Assoc w R
Rv0678,L117R,3) Uncertain significance,2) Assoc w R - Interim
Rv0678,G121R,3) Uncertain significance,1) Assoc w R
Rv0678,G121R,3) Uncertain significance,2) Assoc w R - Interim
Rv0678,M146T,3) Uncertain significance,2) Assoc w R - Interim
atpE,E61D,3) Uncertain significance,2) Assoc w R - Interim
ethA,L35R,3) Uncertain significance,2) Assoc w R - Interim
ethA,V202G,3) Uncertain significance,2) Assoc w R - Interim
ethA,N379D,3) Uncertain significance,2) Assoc w R - Interim
ethA,C403Y,3) Uncertain significance,2) Assoc w R - Interim
fgd1,V170M,3) Uncertain significance,5) Not assoc w R
fgd1,K270M,3) Uncertain significance,5) Not assoc w R
gid,H48Q,3) Uncertain significance,1) Assoc w R
gid,D67H,3) Uncertain significance,2) Assoc w R - Interim
gid,S70N,3) Uncertain significance,1) Assoc w R
gid,V105E,3) Uncertain significance,1) Assoc w R
gid,A200E,3) Uncertain significance,1) Assoc w R
gyrA,D89N,3) Uncertain significance,1) Assoc w R
gyrA,R252L,3) Uncertain significance,4) Not assoc w R - Interim
gyrA,Q613E,3) Uncertain significance,5) Not assoc w R
gyrB,A403S,3) Uncertain significance,5) Not assoc w R
gyrB,S447F,3) Uncertain significance,2) Assoc w R - Interim
gyrB,D461H,3) Uncertain significance,2) Assoc w R - Interim
gyrB,N499T,3) Uncertain significance,1) Assoc w R
gyrB,N499T,3) Uncertain significance,2) Assoc w R - Interim
gyrB,G520A,3) Uncertain significance,5) Not assoc w R
inhA,V78A,3) Uncertain significance,5) Not assoc w R
inhA,S94A,3) Uncertain significance,2) Assoc w R - Interim
katG,S315R,3) Uncertain significance,1) Assoc w R
katG,S315I,3) Uncertain significance,2) Assoc w R - Interim
pncA,V7F,3) Uncertain significance,2) Assoc w R - Interim
pncA,D8Y,3) Uncertain significance,2) Assoc w R - Interim
pncA,D8H,3) Uncertain significance,2) Assoc w R - Interim
pncA,F13S,3) Uncertain significance,1) Assoc w R
pncA,C14W,3) Uncertain significance,2) Assoc w R - Interim
pncA,L35P,3) Uncertain significance,2) Assoc w R - Interim
pncA,H43P,3) Uncertain significance,2) Assoc w R - Interim
pncA,P54R,3) Uncertain significance,1) Assoc w R
pncA,P54S,3) Uncertain significance,2) Assoc w R - Interim
pncA,F58V,3) Uncertain significance,4) Not assoc w R - Interim
pncA,H57Q,3) Uncertain significance,2) Assoc w R - Interim
pncA,F58C,3) Uncertain significance,2) Assoc w R - Interim
pncA,F58S,3) Uncertain significance,2) Assoc w R - Interim
pncA,T61P,3) Uncertain significance,2) Assoc w R - Interim
pncA,P62R,3) Uncertain significance,2) Assoc w R - Interim
pncA,S66P,3) Uncertain significance,1) Assoc w R
pncA,W68L,3) Uncertain significance,2) Assoc w R - Interim
pncA,G78D,3) Uncertain significance,2) Assoc w R - Interim
pncA,G78S,3) Uncertain significance,2) Assoc w R - Interim
pncA,G78V,3) Uncertain significance,2) Assoc w R - Interim
pncA,Y95D,3) Uncertain significance,2) Assoc w R - Interim
pncA,V93A,3) Uncertain significance,2) Assoc w R - Interim
pncA,T100P,3) Uncertain significance,2) Assoc w R - Interim
pncA,K96N,3) Uncertain significance,2) Assoc w R - Interim
pncA,S104G,3) Uncertain significance,2) Assoc w R - Interim
pncA,A102V,3) Uncertain significance,4) Not assoc w R - Interim
pncA,A102T,3) Uncertain significance,2) Assoc w R - Interim
pncA,G108E,3) Uncertain significance,2) Assoc w R - Interim
pncA,T114P,3) Uncertain significance,2) Assoc w R - Interim
pncA,D129N,3) Uncertain significance,2) Assoc w R - Interim
pncA,G132C,3) Uncertain significance,2) Assoc w R - Interim
pncA,D136G,3) Uncertain significance,1) Assoc w R
pncA,D136V,3) Uncertain significance,2) Assoc w R - Interim
pncA,H137P,3) Uncertain significance,2) Assoc w R - Interim
pncA,V139M,3) Uncertain significance,1) Assoc w R
pncA,H137R,3) Uncertain significance,4) Not assoc w R - Interim
pncA,R140P,3) Uncertain significance,2) Assoc w R - Interim
pncA,T142P,3) Uncertain significance,2) Assoc w R - Interim
pncA,A146E,3) Uncertain significance,2) Assoc w R - Interim
pncA,V155A,3) Uncertain significance,2) Assoc w R - Interim
pncA,L159P,3) Uncertain significance,2) Assoc w R - Interim
pncA,L159V,3) Uncertain significance,2) Assoc w R - Interim
pncA,T160A,3) Uncertain significance,4) Not assoc w R - Interim
pncA,V163A,3) Uncertain significance,2) Assoc w R - Interim
pncA,M175I,3) Uncertain significance,2) Assoc w R - Interim
pncA,M175R,3) Uncertain significance,1) Assoc w R
