gene,thermostability,Wildtype_AA,position,Mutated_AA,one_letter_mutation,drug,confidence,delta_z,frequency,phenotype,Proximity_to_R_Conferring,Nearest_Mutation_Index,aa_index_dist,llr_score,predicted_confidence,confidence_2023
Rv0678,4.401590551931349,L,32,S,L32S,CFZ,3) Uncertain significance,0.14752342,0.0,Unknown,0.0,,37.32648951510237,5.877597570419312,1,2) Assoc w R - Interim
Rv0678,42.60737348618193,A,36,V,A36V,BDQ,3) Uncertain significance,0.107635416,1.0,Unknown,0.0,,27.72096759262996,-5.190501570701599,1,2) Assoc w R - Interim
Rv0678,115.06963584178771,C,46,R,C46R,BDQ,3) Uncertain significance,0.22265162,0.0,Unknown,0.0,,40.517919150720246,4.63927173614502,1,2) Assoc w R - Interim
Rv0678,0.5493966661028367,N,70,D,N70D,BDQ,3) Uncertain significance,0.12270204,0.0,Unknown,0.0,,20.632582370741144,-3.7839317321777344,1,2) Assoc w R - Interim
Rv0678,7.209093413323558,I,67,S,I67S,CFZ,3) Uncertain significance,0.17820233,0.0,Unknown,0.0,,38.25058504319116,8.924709483981133,1,2) Assoc w R - Interim
Rv0678,-0.2865617636296065,L,117,R,L117R,BDQ,3) Uncertain significance,0.10692629,0.0,Unknown,0.0,,40.57857118014128,-2.712187170982361,1,1) Assoc w R
Rv0678,-0.2865617636296065,L,117,R,L117R,BDQ,3) Uncertain significance,0.10692629,0.0,Unknown,0.0,,40.57857118014128,-2.712187170982361,1,2) Assoc w R - Interim
Rv0678,31.74953824039449,G,121,R,G121R,BDQ,3) Uncertain significance,0.08999687,1.0,Unknown,0.0,,44.1492475965258,0.8524670600891113,1,1) Assoc w R
Rv0678,31.74953824039449,G,121,R,G121R,BDQ,3) Uncertain significance,0.08999687,1.0,Unknown,0.0,,44.1492475965258,0.8524670600891113,1,2) Assoc w R - Interim
Rv0678,7.929658051695185,M,146,T,M146T,BDQ,3) Uncertain significance,0.15963092,0.0,Unknown,0.0,,32.68277833750696,2.3524248600006104,1,2) Assoc w R - Interim
atpE,2.954118320727673,E,61,D,E61D,BDQ,3) Uncertain significance,0.10903399,0.3333333333333333,Unknown,0.0,,23.13284454741382,-0.557408332824707,1,2) Assoc w R - Interim
ethA,32.89892972,L,35,R,L35R,ETH,3) Uncertain significance,0.06240039,0.6363636363636364,Unknown,5.836237907409668,32.0,40.57857118014128,0.922602653503418,2,2) Assoc w R - Interim
ethA,14.10015644,V,202,G,V202G,ETH,3) Uncertain significance,0.06681281,1.0,Unknown,13.11540699005127,207.0,42.97384860101139,-5.497821807861328,2,2) Assoc w R - Interim
ethA,6.167892507,N,379,D,N379D,ETH,3) Uncertain significance,0.04686356,0.2452830188679245,Unknown,1.3336349725723269,378.0,20.632582370741144,-4.195531845092773,2,2) Assoc w R - Interim
ethA,603.9054579,C,403,Y,C403Y,ETH,3) Uncertain significance,0.049021516,1.0,Unknown,12.373122215270996,1.0,31.8876454197536,-0.5721087455749512,2,2) Assoc w R - Interim
fgd1,27.61503113,V,170,M,V170M,DLM,3) Uncertain significance,0.047081217,0.0058823529411764,Unknown,0.0,,26.61946259943389,-0.2894935607910156,1,5) Not assoc w R
fgd1,3.816068886,K,270,M,K270M,DLM,3) Uncertain significance,0.060976274,0.0068965517241379,Unknown,0.0,,36.91372464835112,0.6078863143920898,1,5) Not assoc w R
gid,6.360260711612682,H,48,Q,H48Q,STM,3) Uncertain significance,0.055231325,0.6666666666666666,Unknown,6.086193391603652,73.0,22.559771492482422,-1.1310396194458008,2,1) Assoc w R
gid,246.43387515210208,D,67,H,D67H,STM,3) Uncertain significance,0.10952591,0.75,Unknown,3.628622603688623,69.0,29.775078049524573,0.9973630905151368,2,2) Assoc w R - Interim
gid,21.13655331775533,S,70,N,S70N,STM,3) Uncertain significance,0.085142575,0.5,Unknown,1.3373896216136856,69.0,19.57151835136661,-2.4613943099975586,2,1) Assoc w R
gid,22.348586630356408,V,105,E,V105E,STM,3) Uncertain significance,0.071976,1.0,Unknown,8.65303703909789,75.0,40.07063541729576,1.2104501724243164,2,1) Assoc w R
gid,11.42995747429552,A,200,E,A200E,STM,3) Uncertain significance,0.07067988,0.6,Unknown,15.658167485373248,73.0,28.30103222386084,-2.042952060699463,2,1) Assoc w R
gyrA,-0.4424026242863874,D,89,N,D89N,LEV,3) Uncertain significance,0.019091131,0.5,Unknown,1.3363823890686035,90.0,20.632582370741144,0.0674290657043457,2,1) Assoc w R
gyrA,-0.3168523082049432,R,252,L,R252L,MXF,3) Uncertain significance,0.020435248,0.0,Unknown,25.13284111022949,94.0,40.57857118014128,4.915966868400574,2,4) Not assoc w R - Interim
gyrA,3.675770739092058,Q,613,E,Q613E,MXF,3) Uncertain significance,0.027055483,0.0388349514563106,Unknown,61.26005172729492,94.0,21.817564078907125,0.6119108200073242,2,5) Not assoc w R
gyrB,5.252530568,A,403,S,A403S,MXF,3) Uncertain significance,0.03112279,0.0,Unknown,24.4781695802607,499.0,26.48144300167584,-1.1844627857208252,2,5) Not assoc w R
gyrB,2.415312878,S,447,F,S447F,MXF,3) Uncertain significance,0.041567035,0.3333333333333333,Unknown,11.348196728996207,504.0,38.08678371297432,-2.4529929161071777,2,2) Assoc w R - Interim
gyrB,2.43628533,D,461,H,D461H,LEV,3) Uncertain significance,0.043058295,1.0,Unknown,14.364728364991798,499.0,29.775078049524573,-0.8178539276123047,2,2) Assoc w R - Interim
gyrB,3.337704283,N,499,T,N499T,MXF,3) Uncertain significance,0.03819847,0.5384615384615384,Unknown,3.44493047825351,501.0,24.234231473312622,0.5942773818969727,2,1) Assoc w R
gyrB,3.337704283,N,499,T,N499T,MXF,3) Uncertain significance,0.03819847,0.5384615384615384,Unknown,3.44493047825351,501.0,24.234231473312622,0.5942773818969727,2,2) Assoc w R - Interim
gyrB,-0.895343062,G,520,A,G520A,MXF,3) Uncertain significance,0.03133728,0.0,Unknown,10.69829383593476,499.0,34.52555545602958,0.6738443374633789,2,5) Not assoc w R
inhA,5.119015676,V,78,A,V78A,ETH,3) Uncertain significance,0.049235076,0.0,Unknown,40.52345978565996,94.0,27.72096759262996,1.3957985639572144,2,5) Not assoc w R
inhA,-1.637411264,S,94,A,S94A,INH,3) Uncertain significance,0.0482173,0.8521739130434782,Unknown,0.0,,26.48144300167584,2.04719877243042,1,2) Assoc w R - Interim
katG,1.9033189213619155,S,315,R,S315R,INH,3) Uncertain significance,0.035421204,1.0,Unknown,7.614513116411317,328.0,31.331509629069213,0.0284204483032226,2,1) Assoc w R
katG,-0.3535478267522194,S,315,I,S315I,INH,3) Uncertain significance,0.050359838,1.0,Unknown,7.614513116411317,328.0,38.25058504319116,-1.705394268035889,2,2) Assoc w R - Interim
pncA,160.49744940642898,V,7,F,V7F,PZA,3) Uncertain significance,0.2485535,1.0,Unknown,1.3412102743417993,6.0,23.46929055924925,-2.054471015930176,2,2) Assoc w R - Interim
pncA,325.1113678176381,D,8,Y,D8Y,PZA,3) Uncertain significance,0.52296025,1.0,Unknown,1.3413519299572354,9.0,36.32517153463494,1.6595005989074707,1,2) Assoc w R - Interim
pncA,57.70264183183997,D,8,H,D8H,PZA,3) Uncertain significance,0.3597401,1.0,Unknown,1.3413519299572354,9.0,29.775078049524573,1.866322040557861,1,2) Assoc w R - Interim
pncA,5.324940008228396,F,13,S,F13S,PZA,3) Uncertain significance,0.20615107,0.5,Unknown,1.3224628539206682,14.0,38.08678371297432,-3.1038527488708496,2,1) Assoc w R
pncA,1055.820469240706,C,14,W,C14W,PZA,3) Uncertain significance,0.11603834,0.0,Unknown,1.3224628539206682,13.0,34.54185018841475,-2.4574427604675293,2,2) Assoc w R - Interim
pncA,481.9060660680607,L,35,P,L35P,PZA,3) Uncertain significance,0.18027063,0.4285714285714285,Unknown,1.3450126393458166,34.0,49.27170475166683,-0.8266112804412842,2,2) Assoc w R - Interim
pncA,240.4982672450778,H,43,P,H43P,PZA,3) Uncertain significance,0.08235208,1.0,Unknown,1.324421005571869,44.0,40.27416020911824,-0.6201944351196289,2,2) Assoc w R - Interim
pncA,613.949549913916,P,54,R,P54R,PZA,3) Uncertain significance,0.08534359,1.0,Unknown,5.577129727736303,62.0,42.60148692869801,-0.2567307949066162,2,1) Assoc w R
pncA,-5.153246202059052,P,54,S,P54S,PZA,3) Uncertain significance,0.07658166,1.0,Unknown,5.577129727736303,62.0,33.197952790471106,0.7610352039337158,2,2) Assoc w R - Interim
pncA,-29.82746533952508,F,58,V,F58V,PZA,3) Uncertain significance,0.07017478,0.0,Unknown,1.3276524394584606,57.0,23.46929055924925,1.3395822048187256,1,4) Not assoc w R - Interim
pncA,6.575698429475949,H,57,Q,H57Q,PZA,3) Uncertain significance,0.065234676,1.0,Unknown,1.3276524394584606,58.0,22.559771492482422,-0.3298516273498535,2,2) Assoc w R - Interim
pncA,-31.05694870874692,F,58,C,F58C,PZA,3) Uncertain significance,0.08646157,1.0,Unknown,1.3276524394584606,57.0,31.49026810135259,-1.0845952033996582,2,2) Assoc w R - Interim
pncA,-29.73584951536145,F,58,S,F58S,PZA,3) Uncertain significance,0.107472986,1.0,Unknown,1.3276524394584606,57.0,38.08678371297432,1.9512019157409668,2,2) Assoc w R - Interim
pncA,129.2655939999541,T,61,P,T61P,PZA,3) Uncertain significance,0.070779495,0.0,Unknown,1.3373155947643758,62.0,34.265110857459,0.8899884223937988,1,2) Assoc w R - Interim
pncA,298.735320447092,P,62,R,P62R,PZA,3) Uncertain significance,0.08296836,1.0,Unknown,1.3498833282917446,63.0,42.60148692869801,-1.078718662261963,2,2) Assoc w R - Interim
pncA,148.26685089405163,S,66,P,S66P,PZA,3) Uncertain significance,0.07358969,1.0,Unknown,1.3242484661120069,67.0,33.197952790471106,-0.4589138031005859,2,1) Assoc w R
pncA,1.4532713745673504,W,68,L,W68L,PZA,3) Uncertain significance,0.0980346,1.0,Unknown,1.338402405855576,67.0,33.4396452558813,0.1442484855651855,2,2) Assoc w R - Interim
pncA,34.02300948666516,G,78,D,G78D,PZA,3) Uncertain significance,0.06194632,1.0,Unknown,2.5241497578392607,76.0,34.61903783109632,-3.059993267059326,2,2) Assoc w R - Interim
pncA,38.86810885123919,G,78,S,G78S,PZA,3) Uncertain significance,0.06528176,1.0,Unknown,2.5241497578392607,76.0,26.911928800176504,1.405907392501831,2,2) Assoc w R - Interim
pncA,42.24834396794017,G,78,V,G78V,PZA,3) Uncertain significance,0.0647368,1.0,Unknown,2.5241497578392607,76.0,42.97384860101139,0.3660955429077148,2,2) Assoc w R - Interim
pncA,5.056991815489141,Y,95,D,Y95D,PZA,3) Uncertain significance,0.15290652,1.0,Unknown,1.3313091301422073,94.0,36.32517153463494,2.4751086235046387,1,2) Assoc w R - Interim
pncA,6.526210270459501,V,93,A,V93A,PZA,3) Uncertain significance,0.07738254,0.3333333333333333,Unknown,1.3242994374385266,94.0,27.72096759262996,-2.5981191992759705,2,2) Assoc w R - Interim
pncA,218.6639077076858,T,100,P,T100P,PZA,3) Uncertain significance,0.067986645,1.0,Unknown,3.283631221681266,102.0,34.265110857459,2.9814023971557617,2,2) Assoc w R - Interim
pncA,7.099089685838692,K,96,N,K96N,PZA,3) Uncertain significance,0.116370924,1.0,Unknown,1.3404849868610966,97.0,26.3028009866802,3.741450190544128,1,2) Assoc w R - Interim
pncA,6.294064030252287,S,104,G,S104G,PZA,3) Uncertain significance,0.062895395,0.5,Unknown,1.325512730983748,105.0,26.911928800176504,1.517103910446167,1,2) Assoc w R - Interim
pncA,6.033915108281917,A,102,V,A102V,PZA,3) Uncertain significance,0.084953606,0.4545454545454545,Unknown,1.3371275182270372,103.0,27.72096759262996,-0.2969241142272949,2,4) Not assoc w R - Interim
pncA,8.89401617796426,A,102,T,A102T,PZA,3) Uncertain significance,0.052204993,1.0,Unknown,1.3371275182270372,103.0,26.41694255168034,-0.9869794845581056,2,2) Assoc w R - Interim
pncA,429.2461582961992,G,108,E,G108E,PZA,3) Uncertain significance,0.09137627,1.0,Unknown,2.849881576486996,106.0,42.48882015717018,-1.529149293899536,2,2) Assoc w R - Interim
pncA,90.33046679295389,T,114,P,T114P,PZA,3) Uncertain significance,0.08696723,1.0,Unknown,2.8851221811216248,119.0,34.265110857459,0.3470537662506103,2,2) Assoc w R - Interim
pncA,2.152870803365317,D,129,N,D129N,PZA,3) Uncertain significance,0.14148016,0.5,Unknown,1.3283019235098623,128.0,20.632582370741144,-0.1542692184448242,2,2) Assoc w R - Interim
pncA,260.36727070673953,G,132,C,G132C,PZA,3) Uncertain significance,0.442343,1.0,Unknown,1.3275066854822226,131.0,41.869754062050006,3.902165651321411,1,2) Assoc w R - Interim
pncA,6.372277918505063,D,136,G,D136G,PZA,3) Uncertain significance,0.1408662,0.3333333333333333,Unknown,1.3365941792481386,135.0,34.61903783109632,0.676203727722168,1,1) Assoc w R
pncA,43.01361747171365,D,136,V,D136V,PZA,3) Uncertain significance,0.16170631,1.0,Unknown,1.3365941792481386,135.0,42.073261479334384,5.487624168395996,1,2) Assoc w R - Interim
pncA,311.64500246090427,H,137,P,H137P,PZA,3) Uncertain significance,0.19437374,1.0,Unknown,1.327917919150126,138.0,40.27416020911824,-0.1147260665893554,2,2) Assoc w R - Interim
pncA,88.07839584074583,V,139,M,V139M,PZA,3) Uncertain significance,0.0859528,1.0,Unknown,1.3206816421833083,138.0,26.61946259943389,0.2047328948974609,2,1) Assoc w R
pncA,-1.3765519670480444,H,137,R,H137R,PZA,3) Uncertain significance,0.0829965,0.0,Unknown,1.327917919150126,138.0,26.692906012304967,1.1644716262817385,1,4) Not assoc w R - Interim
pncA,153.89476677314894,R,140,P,R140P,PZA,3) Uncertain significance,0.14560093,1.0,Unknown,1.329021068305541,139.0,42.60148692869801,-4.969443321228027,2,2) Assoc w R - Interim
pncA,372.0797348207872,T,142,P,T142P,PZA,3) Uncertain significance,0.12469112,1.0,Unknown,1.323433791317117,141.0,34.265110857459,-5.981172561645508,2,2) Assoc w R - Interim
pncA,65.05682657179227,A,146,E,A146E,PZA,3) Uncertain significance,0.18569763,1.0,Unknown,3.2155343257381044,120.0,28.30103222386084,-5.150221228599548,2,2) Assoc w R - Interim
pncA,2.810888367829193,V,155,A,V155A,PZA,3) Uncertain significance,0.1377345,0.5,Unknown,1.32528412048134,154.0,27.72096759262996,-1.130904197692871,2,2) Assoc w R - Interim
pncA,291.2513967566504,L,159,P,L159P,PZA,3) Uncertain significance,0.12798642,1.0,Unknown,1.330143225370863,160.0,49.27170475166683,-1.4439473152160645,2,2) Assoc w R - Interim
pncA,7.673205433855401,L,159,V,L159V,PZA,3) Uncertain significance,0.052354004,0.5,Unknown,1.330143225370863,160.0,21.74847419041692,4.245020627975464,1,2) Assoc w R - Interim
pncA,5.972032735681694,T,160,A,T160A,PZA,3) Uncertain significance,0.058988445,1.0,Unknown,1.330143225370863,159.0,26.41694255168034,4.286823272705078,1,4) Not assoc w R - Interim
pncA,0.6571705621504975,V,163,A,V163A,PZA,3) Uncertain significance,0.053480245,0.0,Unknown,1.3267418739151948,162.0,27.72096759262996,2.4531235694885254,1,2) Assoc w R - Interim
pncA,47.527062587800856,M,175,I,M175I,PZA,3) Uncertain significance,0.06976552,0.3333333333333333,Unknown,3.468004325256819,177.0,24.48735007204724,0.4593663215637207,2,2) Assoc w R - Interim
pncA,68.49892327922828,M,175,R,M175R,PZA,3) Uncertain significance,0.12646419,1.0,Unknown,3.468004325256819,177.0,36.69003863107888,5.420085310935974,2,1) Assoc w R
