gene,fa_atr,fa_rep,fa_sol,fa_elec,fa_dun,thermostability,Wildtype_AA,position,Mutated_AA,one_letter_mutation,drug,confidence,delta_z,frequency,phenotype,Proximity_to_R_Conferring,Nearest_Mutation_Index,aa_index_dist,llr_score,mut_AAIndex1,mut_AAIndex2,mut_AAIndex3,mut_AAIndex4,mut_AAIndex5,mut_AAIndex6,mut_AAIndex7,mut_AAIndex8,delta_AAIndex1,delta_AAIndex2,delta_AAIndex3,delta_AAIndex4,delta_AAIndex5,delta_AAIndex6,delta_AAIndex7,delta_AAIndex8,predicted_confidence,confidence_2023
Rv0678,5.215,-1.648,7.674,-2.934,-0.59,4.401590551931349,L,32,S,L32S,CFZ,3) Uncertain significance,0.14752342,0.0,Unknown,0.0,,37.32648951510237,5.877597570419312,-12.768331,7.992347,1.6343912,-3.085485,-1.3099675,-3.9901855,2.0177054,3.4015324,-30.687604,4.9054537,-9.6728998,-9.9452043,0.7978515000000002,-6.2130349,2.41669323,2.47278594,1,2) Assoc w R - Interim
Rv0678,-4.125,42.218,1.446,1.016,0.785,42.60737348618193,A,36,V,A36V,BDQ,3) Uncertain significance,0.107635416,1.0,Unknown,0.0,,27.72096759262996,-5.190501570701599,16.193203,8.5665655,5.880625,2.6137846,-1.8640387,-7.650207,4.3061094,-1.4704683,16.31355315,3.1407517999999994,-11.13612,0.4095702999999999,-4.6836972,-10.6816048,8.0793671,-1.0184927,1,2) Assoc w R - Interim
Rv0678,-14.35,48.78418153227791,15.766,-1.145,5.769,49.0075604924423,C,46,R,C46R,BDQ,3) Uncertain significance,0.22265162,0.0,Unknown,0.0,,40.517919150720246,4.63927173614502,-8.324453,-15.8011,-1.2679517,0.054631874,-8.1227865,-8.346795,-4.802642,-5.8751554,-16.551519,-23.953066,4.747569299999999,14.418390874,-20.5686825,-1.0337570000000005,-1.4347689999999995,-0.6658238999999995,1,2) Assoc w R - Interim
Rv0678,1.251,-0.946,2.381,-1.239,0.355,0.5493966661028367,N,70,D,N70D,BDQ,3) Uncertain significance,0.12270204,0.0,Unknown,0.0,,20.632582370741144,-3.7839317321777344,-18.502157,-3.0412152,-0.074919604,-1.6854501,5.738219,5.063792,9.413392,-2.168806,-3.0743340000000003,-2.9453088,3.537535396,4.6263859,7.3377783,3.0962187000000005,5.8028528,-7.7273936,1,2) Assoc w R - Interim
Rv0678,10.841,-4.767,5.152,-0.575,-1.744,7.209093413323558,I,67,S,I67S,CFZ,3) Uncertain significance,0.17820233,0.0,Unknown,0.0,,38.25058504319116,8.924709483981133,-12.768331,7.992347,1.6343912,-3.085485,-1.3099675,-3.9901855,2.0177054,3.4015324,-33.783212,2.1347863999999994,-0.7695992999999999,-7.334761,1.1745191,-1.2199820999999995,-1.8581002,3.75893738,1,2) Assoc w R - Interim
Rv0678,0.778,-0.191,0.022,-1.116,2.605,-0.2865617636296065,L,117,R,L117R,BDQ,3) Uncertain significance,0.10692629,0.0,Unknown,0.0,,40.57857118014128,-2.712187170982361,-8.324453,-15.8011,-1.2679517,0.054631874,-8.1227865,-8.346795,-4.802642,-5.8751554,-26.243726,-18.8879933,-12.5752427,-6.805087426,-6.0149675,-10.5696444,-4.403654169999999,-6.80390186,1,1) Assoc w R
Rv0678,0.778,-0.191,0.022,-1.116,2.605,-0.2865617636296065,L,117,R,L117R,BDQ,3) Uncertain significance,0.10692629,0.0,Unknown,0.0,,40.57857118014128,-2.712187170982361,-8.324453,-15.8011,-1.2679517,0.054631874,-8.1227865,-8.346795,-4.802642,-5.8751554,-26.243726,-18.8879933,-12.5752427,-6.805087426,-6.0149675,-10.5696444,-4.403654169999999,-6.80390186,1,2) Assoc w R - Interim
Rv0678,-4.931,33.96,1.591,-0.169,3.005,31.74953824039449,G,121,R,G121R,BDQ,3) Uncertain significance,0.08999687,1.0,Unknown,0.0,,44.1492475965258,0.8524670600891113,-8.324453,-15.8011,-1.2679517,0.054631874,-8.1227865,-8.346795,-4.802642,-5.8751554,8.506735,-37.430277,-4.3915353,7.390305874,1.3033599999999996,-17.179631999999998,0.0451130000000006,-2.3308504,1,1) Assoc w R
Rv0678,-4.931,33.96,1.591,-0.169,3.005,31.74953824039449,G,121,R,G121R,BDQ,3) Uncertain significance,0.08999687,1.0,Unknown,0.0,,44.1492475965258,0.8524670600891113,-8.324453,-15.8011,-1.2679517,0.054631874,-8.1227865,-8.346795,-4.802642,-5.8751554,8.506735,-37.430277,-4.3915353,7.390305874,1.3033599999999996,-17.179631999999998,0.0451130000000006,-2.3308504,1,2) Assoc w R - Interim
Rv0678,3.177,7.204,-0.07,-1.142,-0.677,7.929658051695185,M,146,T,M146T,BDQ,3) Uncertain significance,0.15963092,0.0,Unknown,0.0,,32.68277833750696,2.3524248600006104,-4.8389106,5.9711475,-0.06308909,-0.5623075,-1.2759036,-7.649776,4.1397786,2.4798093,-21.007361600000003,10.8239205,-3.52066079,1.4380167,-7.835160200000001,-11.0232177,10.7601216,-1.5252327000000006,1,2) Assoc w R - Interim
atpE,0.543,-0.067,0.987,1.476,-1.232,2.954118320727673,E,61,D,E61D,BDQ,3) Uncertain significance,0.10903399,0.3333333333333333,Unknown,0.0,,23.13284454741382,-0.557408332824707,-18.502157,-3.0412152,-0.074919604,-1.6854501,5.738219,5.063792,9.413392,-2.168806,-6.336260000000001,8.8701328,-10.630442604,-6.0806551,-2.1885250000000003,0.9500040000000008,4.647073,1.5175627,1,2) Assoc w R - Interim
ethA,-2.723,20.85,8.22,2.912,2.982,32.898929719077614,L,35,R,L35R,ETH,3) Uncertain significance,0.06240039,0.6363636363636364,Unknown,5.836237907409668,32.0,40.57857118014128,0.922602653503418,-8.324453,-15.8011,-1.2679517,0.054631874,-8.1227865,-8.346795,-4.802642,-5.8751554,-26.243726,-18.8879933,-12.5752427,-6.805087426,-6.0149675,-10.5696444,-4.403654169999999,-6.80390186,1,2) Assoc w R - Interim
ethA,9.436,-1.364,2.573,0.185,-0.114,14.100156443101469,V,202,G,V202G,ETH,3) Uncertain significance,0.06681281,1.0,Unknown,13.11540699005127,207.0,42.97384860101139,-5.497821807861328,-16.831188,21.629177,3.1235836,-7.335674,-9.4261465,8.832837,-4.847755,-3.544305,-33.024391,13.0626115,-2.7570414000000003,-9.9494586,-7.5621078,16.483044,-9.1538644,-2.0738367,1,2) Assoc w R - Interim
ethA,1.635,-0.105,2.636,0.12,-0.281,6.16789250732063,N,379,D,N379D,ETH,3) Uncertain significance,0.04686356,0.2452830188679245,Unknown,1.3336349725723269,378.0,20.632582370741144,-4.195531845092773,-18.502157,-3.0412152,-0.074919604,-1.6854501,5.738219,5.063792,9.413392,-2.168806,-3.0743340000000003,-2.9453088,3.537535396,4.6263859,7.3377783,3.0962187000000005,5.8028528,-7.7273936,1,2) Assoc w R - Interim
ethA,-13.353,49.999999997052974,8.444,-0.021,4.988,49.99999999677085,C,403,Y,C403Y,ETH,3) Uncertain significance,0.049021516,1.0,Unknown,12.373122215270996,1.0,31.8876454197536,-0.5721087455749512,8.573883,-3.044647,-12.933385,-1.1994684,-7.665342,0.7891927,5.0251336,-0.26936153,0.3468169999999997,-11.196613,-6.917864,13.1642906,-20.111238,8.1022307,8.3930066,4.93996997,1,2) Assoc w R - Interim
fgd1,-4.259,22.095,3.382,0.458,4.106,27.61503112955006,V,170,M,V170M,DLM,3) Uncertain significance,0.047081217,0.0058823529411764,Unknown,0.0,,26.61946259943389,-0.2894935607910156,16.168451,-4.852773,3.4575717,-2.0003242,6.5592566,3.3734417,-6.620343,4.005042,-0.0247519999999994,-13.4193385,-2.4230533000000003,-4.6141088,8.4232953,11.0236487,-10.9264524,5.475510300000001,1,5) Not assoc w R
fgd1,2.381,-1.551,-3.918,3.862,-0.43,3.816068886124526,K,270,M,K270M,DLM,3) Uncertain significance,0.060976274,0.0068965517241379,Unknown,0.0,,36.91372464835112,0.6078863143920898,16.168451,-4.852773,3.4575717,-2.0003242,6.5592566,3.3734417,-6.620343,4.005042,27.981223,8.689008000000001,-2.0020923,-3.9293578,12.5154466,5.835002899999999,-2.2597880000000004,4.397807500000001,1,5) Not assoc w R
gid,3.873,-1.641,-0.296,2.9,0.527,6.360260711612682,H,48,Q,H48Q,STM,3) Uncertain significance,0.055231325,0.6666666666666666,Unknown,6.086193391603652,73.0,22.559771492482422,-1.1310396194458008,-7.977834,-9.140128,1.7335126,-0.06425645,1.7158138,-2.1345828,-1.499761,0.5779997,-7.642098199999999,-0.8161930000000002,6.3973716000000005,4.908148049999999,0.6312870000000002,-2.8368351,1.9196921,-8.9694933,1,1) Assoc w R
gid,-10.246,49.98815806507754,1.22,5.256,4.477,49.99476420811875,D,67,H,D67H,STM,3) Uncertain significance,0.10952591,0.75,Unknown,3.628622603688623,69.0,29.775078049524573,0.9973630905151368,-0.3357358,-8.323935,-4.663859,-4.9724045,1.0845268,0.7022523,-3.4194531,9.547493,18.1664212,-5.282719800000001,-4.588939396000001,-3.2869544,-4.6536922,-4.3615397,-12.8328451,11.716299,1,2) Assoc w R - Interim
gid,-6.221,18.644,3.526,1.356,3.303,21.13655331775533,S,70,N,S70N,STM,3) Uncertain significance,0.085142575,0.5,Unknown,1.3373896216136856,69.0,19.57151835136661,-2.4613943099975586,-15.427823,-0.0959064,-3.612455,-6.311836,-1.5995593,1.9675733,3.6105392,5.5585876,-2.659492,-8.0882534,-5.2468462,-3.226351,-0.2895917999999999,5.9577588,1.5928337999999995,2.1570552000000003,1,1) Assoc w R
gid,3.597,6.958,7.953,1.067,6.219,22.348586630356408,V,105,E,V105E,STM,3) Uncertain significance,0.071976,1.0,Unknown,8.65303703909789,75.0,40.07063541729576,1.2104501724243164,-12.165897,-11.911348,10.555523,4.395205,7.926744,4.113788,4.766319,-3.6863687,-28.3591,-20.4779135,4.674898000000001,1.7814204,9.7907827,11.763995,0.4602095999999998,-2.2159004,1,1) Assoc w R
gid,-5.963,8.388,9.193,-1.165,4.773,11.42995747429552,A,200,E,A200E,STM,3) Uncertain significance,0.07067988,0.6,Unknown,15.658167485373248,73.0,28.30103222386084,-2.042952060699463,-12.165897,-11.911348,10.555523,4.395205,7.926744,4.113788,4.766319,-3.6863687,-12.04554685,-17.3371617,-6.461221999999999,2.1909907,5.1070855,1.0823901999999994,8.5395767,-3.2343931,2,1) Assoc w R
gyrA,-1.096,1.654,-0.425,2.344,-4.175,-0.4424026242863874,D,89,N,D89N,LEV,3) Uncertain significance,0.019091131,0.5,Unknown,1.3363823890686035,90.0,20.632582370741144,0.0674290657043457,-15.427823,-0.0959064,-3.612455,-6.311836,-1.5995593,1.9675733,3.6105392,5.5585876,3.0743340000000003,2.9453088,-3.537535396,-4.6263859,-7.3377783,-3.0962187000000005,-5.8028528,7.7273936,2,1) Assoc w R
gyrA,1.205,0.566,-2.727,0.374,-1.589,-0.3168523082049432,R,252,L,R252L,MXF,3) Uncertain significance,0.020435248,0.0,Unknown,25.13284111022949,94.0,40.57857118014128,4.915966868400574,17.919273,3.0868933,11.307291,6.8597193,-2.107819,2.2228494,-0.39898783,0.92874646,26.243726,18.8879933,12.5752427,6.805087426,6.0149675,10.5696444,4.403654169999999,6.80390186,1,4) Not assoc w R - Interim
gyrA,1.253,-1.294,1.173,2.981,-0.04,3.675770739092058,Q,613,E,Q613E,MXF,3) Uncertain significance,0.027055483,0.0388349514563106,Unknown,61.26005172729492,94.0,21.817564078907125,0.6119108200073242,-12.165897,-11.911348,10.555523,4.395205,7.926744,4.113788,4.766319,-3.6863687,-4.188063,-2.77122,8.8220104,4.45946145,6.2109302,6.2483708,6.2660800000000005,-4.2643684,1,5) Not assoc w R
gyrB,-1.27,2.131,6.587,-1.66,1.436,5.2525305679498615,A,403,S,A403S,MXF,3) Uncertain significance,0.03112279,0.0,Unknown,24.4781695802607,499.0,26.48144300167584,-1.1844627857208252,-12.768331,7.992347,1.6343912,-3.085485,-1.3099675,-3.9901855,2.0177054,3.4015324,-12.64798085,2.5665333,-15.3823538,-5.2896993,-4.129626,-7.0215833,5.7909631,3.853508,1,5) Not assoc w R
gyrB,-6.725,3.845,-2.251,1.48,2.216,2.415312878418717,S,447,F,S447F,MXF,3) Uncertain significance,0.041567035,0.3333333333333333,Unknown,11.348196728996207,504.0,38.08678371297432,-2.4529929161071777,19.688152,-0.37279683,-3.9456587,1.698545,-1.9570603,4.1118035,1.0899361,2.301924,32.456483,-8.36514383,-5.580049900000001,4.78403,-0.6470928,8.101989,-0.9277693,-1.0996083999999997,1,2) Assoc w R - Interim
gyrB,-1.279,-0.197,-0.325,1.677,0.244,2.4362853296950107,D,461,H,D461H,LEV,3) Uncertain significance,0.043058295,1.0,Unknown,14.364728364991798,499.0,29.775078049524573,-0.8178539276123047,-0.3357358,-8.323935,-4.663859,-4.9724045,1.0845268,0.7022523,-3.4194531,9.547493,18.1664212,-5.282719800000001,-4.588939396000001,-3.2869544,-4.6536922,-4.3615397,-12.8328451,11.716299,1,2) Assoc w R - Interim
gyrB,2.583,-1.15,-3.926,1.948,-1.465,3.3377042825975423,N,499,T,N499T,MXF,3) Uncertain significance,0.03819847,0.5384615384615384,Unknown,3.44493047825351,501.0,24.234231473312622,0.5942773818969727,-4.8389106,5.9711475,-0.06308909,-0.5623075,-1.2759036,-7.649776,4.1397786,2.4798093,10.5889124,6.0670539,3.54936591,5.749528499999999,0.3236557,-9.6173493,0.5292393999999998,-3.0787783,1,1) Assoc w R
gyrB,2.583,-1.15,-3.926,1.948,-1.465,3.3377042825975423,N,499,T,N499T,MXF,3) Uncertain significance,0.03819847,0.5384615384615384,Unknown,3.44493047825351,501.0,24.234231473312622,0.5942773818969727,-4.8389106,5.9711475,-0.06308909,-0.5623075,-1.2759036,-7.649776,4.1397786,2.4798093,10.5889124,6.0670539,3.54936591,5.749528499999999,0.3236557,-9.6173493,0.5292393999999998,-3.0787783,1,2) Assoc w R - Interim
gyrB,-0.964,0.168,0.118,0.05,0.0,-0.8953430620156269,G,520,A,G520A,MXF,3) Uncertain significance,0.03133728,0.0,Unknown,10.69829383593476,499.0,34.52555545602958,0.6738443374633789,-0.12035015,5.4258137,17.016745,2.2042143,2.8196585,3.0313978,-3.7732577,-0.4519756,16.71083785,-16.2033633,13.8931614,9.5398883,12.245805,-5.801439199999999,1.0744973000000004,3.0923294,2,5) Not assoc w R
inhA,6.19,-3.052,2.673,-0.017,0.01,5.119015675995797,V,78,A,V78A,ETH,3) Uncertain significance,0.049235076,0.0,Unknown,40.52345978565996,94.0,27.72096759262996,1.3957985639572144,-0.12035015,5.4258137,17.016745,2.2042143,2.8196585,3.0313978,-3.7732577,-0.4519756,-16.31355315,-3.1407517999999994,11.13612,-0.4095702999999999,4.6836972,10.6816048,-8.0793671,1.0184927,1,5) Not assoc w R
inhA,1.612,-1.575,-4.487,0.981,-0.093,-1.6374112639048235,S,94,A,S94A,INH,3) Uncertain significance,0.0482173,0.8521739130434782,Unknown,0.0,,26.48144300167584,2.04719877243042,-0.12035015,5.4258137,17.016745,2.2042143,2.8196585,3.0313978,-3.7732577,-0.4519756,12.64798085,-2.5665333,15.3823538,5.2896993,4.129626,7.0215833,-5.7909631,-3.853508,1,2) Assoc w R - Interim
katG,-5.714,0.985,2.425,0.957,2.537,1.9033189213619155,S,315,R,S315R,INH,3) Uncertain significance,0.035421204,1.0,Unknown,7.614513116411317,328.0,31.331509629069213,0.0284204483032226,-8.324453,-15.8011,-1.2679517,0.054631874,-8.1227865,-8.346795,-4.802642,-5.8751554,4.443878,-23.793447,-2.9023429,3.140116874,-6.812819,-4.3566095,-6.820347399999999,-9.2766878,1,1) Assoc w R
katG,-4.68,-0.413,-4.16,2.714,2.853,-0.3535478267522194,S,315,I,S315I,INH,3) Uncertain significance,0.050359838,1.0,Unknown,7.614513116411317,328.0,38.25058504319116,-1.705394268035889,21.014881,5.8575606,2.4039905,4.249276,-2.4844866,-2.7702034,3.8758056,-0.35740498,33.783212,-2.1347863999999994,0.7695992999999999,7.334761,-1.1745191,1.2199820999999995,1.8581002,-3.75893738,2,2) Assoc w R - Interim
pncA,-6.495,49.75007943407251,5.522,8.798,2.505,49.83738263432167,V,7,F,V7F,PZA,3) Uncertain significance,0.2485535,1.0,Unknown,1.3412102743417993,6.0,23.46929055924925,-2.054471015930176,19.688152,-0.37279683,-3.9456587,1.698545,-1.9570603,4.1118035,1.0899361,2.301924,3.4949489999999983,-8.93936233,-9.8262837,-0.9152395999999998,-0.0930215999999999,11.7620105,-3.2161733000000003,3.7723923,1,2) Assoc w R - Interim
pncA,-11.247,49.99950658243185,1.556,17.036,5.162,49.99977497223807,D,8,Y,D8Y,PZA,3) Uncertain significance,0.52296025,1.0,Unknown,1.3413519299572354,9.0,36.32517153463494,1.6595005989074707,8.573883,-3.044647,-12.933385,-1.1994684,-7.665342,0.7891927,5.0251336,-0.26936153,27.07604,-0.0034317999999999,-12.858465396,0.4859816999999999,-13.403561,-4.2745993,-4.3882584,1.89944447,1,2) Assoc w R - Interim
pncA,-7.181,48.972,1.589,11.024,0.572,40.95461261678855,D,8,H,D8H,PZA,3) Uncertain significance,0.3597401,1.0,Unknown,1.3413519299572354,9.0,29.775078049524573,1.866322040557861,-0.3357358,-8.323935,-4.663859,-4.9724045,1.0845268,0.7022523,-3.4194531,9.547493,18.1664212,-5.282719800000001,-4.588939396000001,-3.2869544,-4.6536922,-4.3615397,-12.8328451,11.716299,1,2) Assoc w R - Interim
pncA,7.964,-0.462,0.9,-0.309,-0.753,5.324940008228396,F,13,S,F13S,PZA,3) Uncertain significance,0.20615107,0.5,Unknown,1.3224628539206682,14.0,38.08678371297432,-3.1038527488708496,-12.768331,7.992347,1.6343912,-3.085485,-1.3099675,-3.9901855,2.0177054,3.4015324,-32.456483,8.36514383,5.580049900000001,-4.78403,0.6470928,-8.101989,0.9277693,1.0996083999999997,1,1) Assoc w R
pncA,-17.478,50.0,2.526,2.509,6.05,50.0,C,14,W,C14W,PZA,3) Uncertain significance,0.11603834,0.0,Unknown,1.3224628539206682,13.0,34.54185018841475,-2.4574427604675293,17.825146,-8.438242,-13.067144,-1.6442173,-0.6060697,9.140286,-0.34632668,-5.4812922,9.59808,-16.590208,-7.051623000000001,12.7195417,-13.0519657,16.453324,3.02154632,-0.2719607000000001,1,2) Assoc w R - Interim
pncA,3.715,49.95010970785915,2.938,0.978,0.301,49.99999957495571,L,35,P,L35P,PZA,3) Uncertain significance,0.18027063,0.4285714285714285,Unknown,1.3450126393458166,34.0,49.27170475166683,-0.8266112804412842,-16.50458,11.8824,-16.928919,19.22078,6.0852327,-1.03287,-4.8077774,0.10610396,-34.423853,8.7955067,-28.23621,12.3610607,8.1930517,-3.2557194,-4.40878957,-0.8226425,1,2) Assoc w R - Interim
pncA,1.468,46.23382134108533,-3.886,1.472,-1.145,49.99336121884828,H,43,P,H43P,PZA,3) Uncertain significance,0.08235208,1.0,Unknown,1.324421005571869,44.0,40.27416020911824,-0.6201944351196289,-16.50458,11.8824,-16.928919,19.22078,6.0852327,-1.03287,-4.8077774,0.10610396,-16.168844200000002,20.206335000000003,-12.26506,24.1931845,5.0007059,-1.7351223,-1.3883242999999998,-9.44138904,1,2) Assoc w R - Interim
pncA,-15.809,49.99999999704116,19.353,-3.151,5.372,49.99999999783925,P,54,R,P54R,PZA,3) Uncertain significance,0.08534359,1.0,Unknown,5.577129727736303,62.0,42.60148692869801,-0.2567307949066162,-8.324453,-15.8011,-1.2679517,0.054631874,-8.1227865,-8.346795,-4.802642,-5.8751554,8.180127,-27.6835,15.6609673,-19.166148126000003,-14.2080192,-7.313925,0.0051354000000003,-5.981259359999999,1,1) Assoc w R
pncA,3.544,-13.577,4.919,-1.328,1.066,-5.153246202059052,P,54,S,P54S,PZA,3) Uncertain significance,0.07658166,1.0,Unknown,5.577129727736303,62.0,33.197952790471106,0.7610352039337158,-12.768331,7.992347,1.6343912,-3.085485,-1.3099675,-3.9901855,2.0177054,3.4015324,3.736249000000001,-3.890053000000001,18.5633102,-22.306265,-7.3952002,-2.9573155,6.8254828,3.29542844,2,2) Assoc w R - Interim
pncA,7.935,-34.718,-1.111,0.455,-2.972,-29.82746533952508,F,58,V,F58V,PZA,3) Uncertain significance,0.07017478,0.0,Unknown,1.3276524394584606,57.0,23.46929055924925,1.3395822048187256,16.193203,8.5665655,5.880625,2.6137846,-1.8640387,-7.650207,4.3061094,-1.4704683,-3.4949489999999983,8.93936233,9.8262837,0.9152395999999998,0.0930215999999999,-11.7620105,3.2161733000000003,-3.7723923,1,4) Not assoc w R - Interim
pncA,1.535,2.108,0.989,0.825,1.329,6.575698429475949,H,57,Q,H57Q,PZA,3) Uncertain significance,0.065234676,1.0,Unknown,1.3276524394584606,58.0,22.559771492482422,-0.3298516273498535,-7.977834,-9.140128,1.7335126,-0.06425645,1.7158138,-2.1345828,-1.499761,0.5779997,-7.642098199999999,-0.8161930000000002,6.3973716000000005,4.908148049999999,0.6312870000000002,-2.8368351,1.9196921,-8.9694933,1,2) Assoc w R - Interim
pncA,9.131,-39.644,0.117,-1.127,-2.264,-31.05694870874692,F,58,C,F58C,PZA,3) Uncertain significance,0.08646157,1.0,Unknown,1.3276524394584606,57.0,31.49026810135259,-1.0845952033996582,8.227066,8.151966,-6.015521,-14.363759,12.445896,-7.313038,-3.367873,-5.2093315,-11.461085999999998,8.52476283,-2.0698623,-16.062304,14.4029563,-11.4248415,-4.4578091,-7.511255500000001,1,2) Assoc w R - Interim
pncA,10.923,-38.877,1.415,-0.135,-2.338,-29.73584951536145,F,58,S,F58S,PZA,3) Uncertain significance,0.107472986,1.0,Unknown,1.3276524394584606,57.0,38.08678371297432,1.9512019157409668,-12.768331,7.992347,1.6343912,-3.085485,-1.3099675,-3.9901855,2.0177054,3.4015324,-32.456483,8.36514383,5.580049900000001,-4.78403,0.6470928,-8.101989,0.9277693,1.0996083999999997,1,2) Assoc w R - Interim
pncA,-1.899,13.034,0.277,0.654,-0.446,49.43510676029701,T,61,P,T61P,PZA,3) Uncertain significance,0.070779495,0.0,Unknown,1.3373155947643758,62.0,34.265110857459,0.8899884223937988,-16.50458,11.8824,-16.928919,19.22078,6.0852327,-1.03287,-4.8077774,0.10610396,-11.6656694,5.911252500000001,-16.865829910000002,19.7830875,7.3611363,6.616906,-8.947555999999999,-2.37370534,1,2) Assoc w R - Interim
pncA,-3.829,49.99914022377994,4.242,0.512,1.968,49.99935370150537,P,62,R,P62R,PZA,3) Uncertain significance,0.08296836,1.0,Unknown,1.3498833282917446,63.0,42.60148692869801,-1.078718662261963,-8.324453,-15.8011,-1.2679517,0.054631874,-8.1227865,-8.346795,-4.802642,-5.8751554,8.180127,-27.6835,15.6609673,-19.166148126000003,-14.2080192,-7.313925,0.0051354000000003,-5.981259359999999,1,2) Assoc w R - Interim
pncA,1.129,21.447,-8.753,13.289,-0.75,49.735034862350496,S,66,P,S66P,PZA,3) Uncertain significance,0.07358969,1.0,Unknown,1.3242484661120069,67.0,33.197952790471106,-0.4589138031005859,-16.50458,11.8824,-16.928919,19.22078,6.0852327,-1.03287,-4.8077774,0.10610396,-3.736249000000001,3.890053000000001,-18.5633102,22.306265,7.3952002,2.9573155,-6.8254828,-3.29542844,1,1) Assoc w R
pncA,7.831,-0.854,-2.902,1.833,-0.878,1.4532713745673504,W,68,L,W68L,PZA,3) Uncertain significance,0.0980346,1.0,Unknown,1.338402405855576,67.0,33.4396452558813,0.1442484855651855,17.919273,3.0868933,11.307291,6.8597193,-2.107819,2.2228494,-0.39898783,0.92874646,0.0941270000000003,11.5251353,24.374435,8.5039366,-1.5017493000000002,-6.9174366,-0.0526611499999999,6.4100386600000006,1,2) Assoc w R - Interim
pncA,-4.779,23.982,6.532,6.849,2.925,34.02300948666516,G,78,D,G78D,PZA,3) Uncertain significance,0.06194632,1.0,Unknown,2.5241497578392607,76.0,34.61903783109632,-3.059993267059326,-18.502157,-3.0412152,-0.074919604,-1.6854501,5.738219,5.063792,9.413392,-2.168806,-1.6709689999999997,-24.6703922,-3.198503204,5.6502239,15.1643655,-3.7690449999999993,14.261147,1.375499,1,2) Assoc w R - Interim
pncA,-3.308,26.121,4.382,8.96,2.818,38.86810885123919,G,78,S,G78S,PZA,3) Uncertain significance,0.06528176,1.0,Unknown,2.5241497578392607,76.0,26.911928800176504,1.405907392501831,-12.768331,7.992347,1.6343912,-3.085485,-1.3099675,-3.9901855,2.0177054,3.4015324,4.062857000000001,-13.63683,-1.4891924,4.250189000000001,8.116178999999999,-12.8230225,6.8654604,6.9458374,1,2) Assoc w R - Interim
pncA,-7.54,32.372,2.147,9.096,2.138,42.24834396794017,G,78,V,G78V,PZA,3) Uncertain significance,0.0647368,1.0,Unknown,2.5241497578392607,76.0,42.97384860101139,0.3660955429077148,16.193203,8.5665655,5.880625,2.6137846,-1.8640387,-7.650207,4.3061094,-1.4704683,33.024391,-13.0626115,2.7570414000000003,9.9494586,7.5621078,-16.483044,9.1538644,2.0738367,1,2) Assoc w R - Interim
pncA,4.963,-0.583,1.95,0.413,-0.107,5.056991815489141,Y,95,D,Y95D,PZA,3) Uncertain significance,0.15290652,1.0,Unknown,1.3313091301422073,94.0,36.32517153463494,2.4751086235046387,-18.502157,-3.0412152,-0.074919604,-1.6854501,5.738219,5.063792,9.413392,-2.168806,-27.07604,0.0034317999999999,12.858465396,-0.4859816999999999,13.403561,4.2745993,4.3882584,-1.89944447,1,2) Assoc w R - Interim
pncA,4.392,-0.495,1.218,-0.044,-0.007,6.526210270459501,V,93,A,V93A,PZA,3) Uncertain significance,0.07738254,0.3333333333333333,Unknown,1.3242994374385266,94.0,27.72096759262996,-2.5981191992759705,-0.12035015,5.4258137,17.016745,2.2042143,2.8196585,3.0313978,-3.7732577,-0.4519756,-16.31355315,-3.1407517999999994,11.13612,-0.4095702999999999,4.6836972,10.6816048,-8.0793671,1.0184927,1,2) Assoc w R - Interim
pncA,-1.607,42.98795119192778,-2.239,3.683,0.713,49.98410173217695,T,100,P,T100P,PZA,3) Uncertain significance,0.067986645,1.0,Unknown,3.283631221681266,102.0,34.265110857459,2.9814023971557617,-16.50458,11.8824,-16.928919,19.22078,6.0852327,-1.03287,-4.8077774,0.10610396,-11.6656694,5.911252500000001,-16.865829910000002,19.7830875,7.3611363,6.616906,-8.947555999999999,-2.37370534,1,2) Assoc w R - Interim
pncA,4.793,-2.712,-8.763,14.615,-0.012,7.099089685838692,K,96,N,K96N,PZA,3) Uncertain significance,0.116370924,1.0,Unknown,1.3404849868610966,97.0,26.3028009866802,3.741450190544128,-15.427823,-0.0959064,-3.612455,-6.311836,-1.5995593,1.9675733,3.6105392,5.5585876,-3.6150509999999993,13.4458746,-9.072119,-8.2408696,4.3566307,4.4291345,7.9710942,5.9513531,1,2) Assoc w R - Interim
pncA,5.863,-0.939,-5.681,0.83,-1.261,6.294064030252287,S,104,G,S104G,PZA,3) Uncertain significance,0.062895395,0.5,Unknown,1.325512730983748,105.0,26.911928800176504,1.517103910446167,-16.831188,21.629177,3.1235836,-7.335674,-9.4261465,8.832837,-4.847755,-3.544305,-4.062857000000001,13.63683,1.4891924,-4.250189000000001,-8.116178999999999,12.8230225,-6.8654604,-6.9458374,1,2) Assoc w R - Interim
pncA,-6.042,9.219,0.594,-0.046,1.599,6.033915108281917,A,102,V,A102V,PZA,3) Uncertain significance,0.084953606,0.4545454545454545,Unknown,1.3371275182270372,103.0,27.72096759262996,-0.2969241142272949,16.193203,8.5665655,5.880625,2.6137846,-1.8640387,-7.650207,4.3061094,-1.4704683,16.31355315,3.1407517999999994,-11.13612,0.4095702999999999,-4.6836972,-10.6816048,8.0793671,-1.0184927,1,4) Not assoc w R - Interim
pncA,-4.325,4.257,6.242,3.88,0.28,8.89401617796426,A,102,T,A102T,PZA,3) Uncertain significance,0.052204993,1.0,Unknown,1.3371275182270372,103.0,26.41694255168034,-0.9869794845581056,-4.8389106,5.9711475,-0.06308909,-0.5623075,-1.2759036,-7.649776,4.1397786,2.4798093,-4.71856045,0.5453337999999999,-17.07983409,-2.7665218,-4.0955621,-10.6811738,7.9130363,2.9317849,1,2) Assoc w R - Interim
pncA,-15.355,49.99999544310852,17.809,2.523,5.359,49.99999650674357,G,108,E,G108E,PZA,3) Uncertain significance,0.09137627,1.0,Unknown,2.849881576486996,106.0,42.48882015717018,-1.529149293899536,-12.165897,-11.911348,10.555523,4.395205,7.926744,4.113788,4.766319,-3.6863687,4.665291000000002,-33.540525,7.431939400000001,11.730879,17.3528905,-4.719049,9.614074,-0.1420637,1,2) Assoc w R - Interim
pncA,-0.732,44.51944910620932,0.586,0.906,1.441,47.37430992893676,T,114,P,T114P,PZA,3) Uncertain significance,0.08696723,1.0,Unknown,2.8851221811216248,119.0,34.265110857459,0.3470537662506103,-16.50458,11.8824,-16.928919,19.22078,6.0852327,-1.03287,-4.8077774,0.10610396,-11.6656694,5.911252500000001,-16.865829910000002,19.7830875,7.3611363,6.616906,-8.947555999999999,-2.37370534,2,2) Assoc w R - Interim
pncA,-0.913,-0.697,-2.066,3.312,1.025,2.152870803365317,D,129,N,D129N,PZA,3) Uncertain significance,0.14148016,0.5,Unknown,1.3283019235098623,128.0,20.632582370741144,-0.1542692184448242,-15.427823,-0.0959064,-3.612455,-6.311836,-1.5995593,1.9675733,3.6105392,5.5585876,3.0743340000000003,2.9453088,-3.537535396,-4.6263859,-7.3377783,-3.0962187000000005,-5.8028528,7.7273936,1,2) Assoc w R - Interim
pncA,-7.245,49.996071859405326,0.759,-1.021,-0.331,49.99700122267135,G,132,C,G132C,PZA,3) Uncertain significance,0.442343,1.0,Unknown,1.3275066854822226,131.0,41.869754062050006,3.902165651321411,8.227066,8.151966,-6.015521,-14.363759,12.445896,-7.313038,-3.367873,-5.2093315,25.058254,-13.477211,-9.1391046,-7.028085,21.8720425,-16.145875,1.4798820000000004,-1.6650265000000002,1,2) Assoc w R - Interim
pncA,6.156,-0.191,-7.948,6.153,-2.594,6.372277918505063,D,136,G,D136G,PZA,3) Uncertain significance,0.1408662,0.3333333333333333,Unknown,1.3365941792481386,135.0,34.61903783109632,0.676203727722168,-16.831188,21.629177,3.1235836,-7.335674,-9.4261465,8.832837,-4.847755,-3.544305,1.6709689999999997,24.6703922,3.198503204,-5.6502239,-15.1643655,3.7690449999999993,-14.261147,-1.375499,1,1) Assoc w R
pncA,-3.831,44.549,-4.45,1.063,-0.47,43.01361747171365,D,136,V,D136V,PZA,3) Uncertain significance,0.16170631,1.0,Unknown,1.3365941792481386,135.0,42.073261479334384,5.487624168395996,16.193203,8.5665655,5.880625,2.6137846,-1.8640387,-7.650207,4.3061094,-1.4704683,34.69536,11.6077807,5.955544604,4.2992347,-7.6022577,-12.713999,-5.1072826,0.6983377,1,2) Assoc w R - Interim
pncA,0.089,46.02841927951858,-2.689,0.134,0.894,49.99961437060595,H,137,P,H137P,PZA,3) Uncertain significance,0.19437374,1.0,Unknown,1.327917919150126,138.0,40.27416020911824,-0.1147260665893554,-16.50458,11.8824,-16.928919,19.22078,6.0852327,-1.03287,-4.8077774,0.10610396,-16.168844200000002,20.206335000000003,-12.26506,24.1931845,5.0007059,-1.7351223,-1.3883242999999998,-9.44138904,1,2) Assoc w R - Interim
pncA,1.381,44.08418114092558,5.353,1.809,8.405,47.133893361043285,V,139,M,V139M,PZA,3) Uncertain significance,0.0859528,1.0,Unknown,1.3206816421833083,138.0,26.61946259943389,0.2047328948974609,16.168451,-4.852773,3.4575717,-2.0003242,6.5592566,3.3734417,-6.620343,4.005042,-0.0247519999999994,-13.4193385,-2.4230533000000003,-4.6141088,8.4232953,11.0236487,-10.9264524,5.475510300000001,1,1) Assoc w R
pncA,-0.076,-1.587,2.926,-2.606,0.391,-1.3765519670480444,H,137,R,H137R,PZA,3) Uncertain significance,0.0829965,0.0,Unknown,1.327917919150126,138.0,26.692906012304967,1.1644716262817385,-8.324453,-15.8011,-1.2679517,0.054631874,-8.1227865,-8.346795,-4.802642,-5.8751554,-7.9887172,-7.477164999999999,3.3959073,5.027036374,-9.2073133,-9.0490473,-1.3831888999999995,-15.4226484,1,4) Not assoc w R - Interim
pncA,-1.457,49.69244768505454,-3.575,2.175,-1.866,49.788332662956414,R,140,P,R140P,PZA,3) Uncertain significance,0.14560093,1.0,Unknown,1.329021068305541,139.0,42.60148692869801,-4.969443321228027,-16.50458,11.8824,-16.928919,19.22078,6.0852327,-1.03287,-4.8077774,0.10610396,-8.180127,27.6835,-15.6609673,19.166148126000003,14.2080192,7.313925,-0.0051354000000003,5.981259359999999,1,2) Assoc w R - Interim
pncA,-3.0,49.999859899595165,-1.262,5.599,1.443,49.99996561944966,T,142,P,T142P,PZA,3) Uncertain significance,0.12469112,1.0,Unknown,1.323433791317117,141.0,34.265110857459,-5.981172561645508,-16.50458,11.8824,-16.928919,19.22078,6.0852327,-1.03287,-4.8077774,0.10610396,-11.6656694,5.911252500000001,-16.865829910000002,19.7830875,7.3611363,6.616906,-8.947555999999999,-2.37370534,1,2) Assoc w R - Interim
pncA,-9.602,40.47781204267208,15.926,-0.61,7.336,43.10077269210243,A,146,E,A146E,PZA,3) Uncertain significance,0.18569763,1.0,Unknown,3.2155343257381044,120.0,28.30103222386084,-5.150221228599548,-12.165897,-11.911348,10.555523,4.395205,7.926744,4.113788,4.766319,-3.6863687,-12.04554685,-17.3371617,-6.461221999999999,2.1909907,5.1070855,1.0823901999999994,8.5395767,-3.2343931,2,2) Assoc w R - Interim
pncA,6.199,-6.352,1.916,0.062,-0.052,2.810888367829193,V,155,A,V155A,PZA,3) Uncertain significance,0.1377345,0.5,Unknown,1.32528412048134,154.0,27.72096759262996,-1.130904197692871,-0.12035015,5.4258137,17.016745,2.2042143,2.8196585,3.0313978,-3.7732577,-0.4519756,-16.31355315,-3.1407517999999994,11.13612,-0.4095702999999999,4.6836972,10.6816048,-8.0793671,1.0184927,1,2) Assoc w R - Interim
pncA,3.026,49.899652267023626,-2.286,6.824,0.703,49.99912815107726,L,159,P,L159P,PZA,3) Uncertain significance,0.12798642,1.0,Unknown,1.330143225370863,160.0,49.27170475166683,-1.4439473152160645,-16.50458,11.8824,-16.928919,19.22078,6.0852327,-1.03287,-4.8077774,0.10610396,-34.423853,8.7955067,-28.23621,12.3610607,8.1930517,-3.2557194,-4.40878957,-0.8226425,1,2) Assoc w R - Interim
pncA,2.386,2.502,-0.346,0.028,2.233,7.673205433855401,L,159,V,L159V,PZA,3) Uncertain significance,0.052354004,0.5,Unknown,1.330143225370863,160.0,21.74847419041692,4.245020627975464,16.193203,8.5665655,5.880625,2.6137846,-1.8640387,-7.650207,4.3061094,-1.4704683,-1.72607,5.4796722,-5.426665999999999,-4.2459347,0.2437803,-9.8730564,4.705097230000001,-2.39921476,1,2) Assoc w R - Interim
pncA,4.577,0.06,-3.106,2.08,-0.386,5.972032735681694,T,160,A,T160A,PZA,3) Uncertain significance,0.058988445,1.0,Unknown,1.330143225370863,159.0,26.41694255168034,4.286823272705078,-0.12035015,5.4258137,17.016745,2.2042143,2.8196585,3.0313978,-3.7732577,-0.4519756,4.71856045,-0.5453337999999999,17.07983409,2.7665218,4.0955621,10.6811738,-7.9130363,-2.9317849,1,4) Not assoc w R - Interim
pncA,1.898,-0.142,-0.296,0.115,0.025,0.6571705621504975,V,163,A,V163A,PZA,3) Uncertain significance,0.053480245,0.0,Unknown,1.3267418739151948,162.0,27.72096759262996,2.4531235694885254,-0.12035015,5.4258137,17.016745,2.2042143,2.8196585,3.0313978,-3.7732577,-0.4519756,-16.31355315,-3.1407517999999994,11.13612,-0.4095702999999999,4.6836972,10.6816048,-8.0793671,1.0184927,1,2) Assoc w R - Interim
pncA,2.792,45.971,-1.253,-0.681,0.313,47.527062587800856,M,175,I,M175I,PZA,3) Uncertain significance,0.06976552,0.3333333333333333,Unknown,3.468004325256819,177.0,24.48735007204724,0.4593663215637207,21.014881,5.8575606,2.4039905,4.249276,-2.4844866,-2.7702034,3.8758056,-0.35740498,4.846429999999998,10.7103336,-1.0535812,6.2496002,-9.0437432,-6.1436451000000005,10.4961486,-4.3624469800000005,2,2) Assoc w R - Interim
pncA,-3.226,41.33245016700313,9.354,-0.898,5.179,43.9343642790961,M,175,R,M175R,PZA,3) Uncertain significance,0.12646419,1.0,Unknown,3.468004325256819,177.0,36.69003863107888,5.420085310935974,-8.324453,-15.8011,-1.2679517,0.054631874,-8.1227865,-8.346795,-4.802642,-5.8751554,-24.492904000000003,-10.948327,-4.7255234,2.054956074,-14.6820431,-11.7202367,1.8177010000000005,-9.8801974,1,1) Assoc w R
