model,mode,sensitivity,specificity,auc,threshold,n_samples,dataset,mean_sens_spec
rf,holdout,1.0,1.0,1.0,0.72,184,Essential,1.0
rf,holdout,0.971,0.667,0.795,0.83,186,Nonessential,0.819
rf,holdout,0.968,0.917,0.92,0.775,370,Combined,0.9425
logistic,holdout,0.952,0.833,0.882,0.402,370,Combined,0.8925
ridge,holdout,0.952,0.833,0.882,0.402,370,Combined,0.8925
logistic,holdout,0.897,1.0,0.978,0.68,184,Essential,0.9485
ridge,holdout,0.897,1.0,0.978,0.68,184,Essential,0.9485
logistic,holdout,0.857,1.0,0.952,0.514,186,Nonessential,0.9285
ridge,holdout,0.857,1.0,0.952,0.514,186,Nonessential,0.9285
