Feature Set,Model,Optimal Threshold,Accuracy (%),ROC AUC,Sensitivity (Res),Specificity (Sus),Precision (Res),Recall (Res),F1 (Res),Precision (Sus),Recall (Sus),F1 (Sus),Support (Res),Support (Sus),Incorrect Predictions,Sensitivity CI (95%),Specificity CI (95%)
Essential,RF,0.81,85.71428571428571,100.0,83.33333333333334,100.0,100.0,83.33333333333334,90.9090909090909,50.0,100.0,66.66666666666666,6,1,1,"(43.65, 96.99)","(20.65, 100.0)"
Essential,GAM,0.814,85.71428571428571,100.0,83.33333333333334,100.0,100.0,83.33333333333334,90.9090909090909,50.0,100.0,66.66666666666666,6,1,1,"(43.65, 96.99)","(20.65, 100.0)"
Essential,GAQQ,0.766,42.857142857142854,100.0,33.33333333333333,100.0,100.0,33.33333333333333,50.0,20.0,100.0,33.333333333333336,6,1,4,"(9.68, 70.0)","(20.65, 100.0)"
Nonessential,RF,0.935,63.63636363636363,71.81372549019608,62.745098039215684,75.0,96.96969696969697,62.745098039215684,76.1904761904762,13.636363636363635,75.0,23.076923076923077,51,4,20,"(49.02, 74.68)","(30.06, 95.44)"
Nonessential,GAM,0.92,36.36363636363637,52.94117647058824,33.33333333333333,75.0,94.44444444444444,33.33333333333333,49.27536231884058,8.108108108108109,75.0,14.634146341463413,51,4,35,"(21.97, 47.03)","(30.06, 95.44)"
Nonessential,GAQQ,0.446,70.9090909090909,55.88235294117647,76.47058823529412,0.0,90.69767441860465,76.47058823529412,82.97872340425532,0.0,0.0,0.0,51,4,16,"(63.24, 86.0)","(0.0, 48.99)"
Combined,RF,0.845,77.41935483870968,73.50877192982456,80.7017543859649,40.0,93.87755102040816,80.7017543859649,86.79245283018868,15.384615384615385,40.0,22.22222222222222,57,5,14,"(68.66, 88.87)","(11.76, 76.93)"
Combined,GAM,0.825,82.25806451612904,55.78947368421052,85.96491228070175,40.0,94.23076923076923,85.96491228070175,89.90825688073394,20.0,40.0,26.666666666666668,57,5,11,"(74.68, 92.71)","(11.76, 76.93)"
Combined,GAQQ,0.927,9.67741935483871,50.526315789473685,1.7543859649122806,100.0,100.0,1.7543859649122806,3.4482758620689653,8.19672131147541,100.0,15.151515151515149,57,5,56,"(0.31, 9.29)","(56.55, 100.0)"
